"cohort","rfid","sex","labanimalid","lga_01_rewards","lga_02_rewards","lga_03_rewards","lga_04_rewards","lga_05_rewards","lga_06_rewards","lga_07_rewards","lga_08_rewards","lga_09_rewards","lga_10_rewards","lga_11_rewards","lga_12_rewards","lga_13_rewards","lga_14_rewards","lga_02_rewards_esc","lga_03_rewards_esc","lga_04_rewards_esc","lga_05_rewards_esc","lga_06_rewards_esc","lga_07_rewards_esc","lga_08_rewards_esc","lga_09_rewards_esc","lga_10_rewards_esc","lga_11_rewards_esc","lga_12_rewards_esc","lga_13_rewards_esc","lga_14_rewards_esc","esc11_14_mean","lga_01_age","lga_02_age","lga_03_age","lga_04_age","lga_05_age","lga_06_age","lga_07_age","lga_08_age","lga_09_age","lga_11_age","lga_12_age","lga_13_age","lga_14_age","sha08","sha09","sha10","mean_sha_last3","pr01","pr02","pr03","shock03"
"C01","933000120117306","F","F19",4,4,0,104,132,126,112,116,120,140,129,149,167,140,0,-4,100,128,122,108,112,116,136,125,145,163,136,142.25,85,86,87,88,91,92,93,94,95,99,100,101,102,3,1,1,1.66666666666667,1,13,14,7
"C01","933000120117307","M","M61",2,6,6,6,6,53,53,118,120,133,153,152,135,154,4,4,4,4,51,51,116,118,131,151,150,133,152,146.5,86,87,88,89,92,93,94,95,96,100,101,102,103,1,5,0,2,0,9,13,26
"C01","933000120117308","M","M66",3,10,12,23,26,25,32,32,36,61,52,26,22,14,7,9,20,23,22,29,29,33,58,49,23,19,11,25.5,85,86,87,88,91,92,93,94,95,99,100,101,102,3,1,2,2,0,6,2,2
"C01","933000120117311","F","F21",129,117,116,116,108,102,112,120,148,130,160,168,160,161,-12,-13,-13,-21,-27,-17,-9,19,1,31,39,31,32,33.25,85,86,87,88,91,92,93,94,95,99,100,101,102,43,43,41,42.3333333333333,10,12,5,19
"C01","933000120117312","F","F20",98,98,117,120,89,83,75,95,87,121,97,112,118,123,0,19,22,-9,-15,-23,-3,-11,23,-1,14,20,25,14.5,85,86,87,88,91,92,93,94,95,99,100,101,102,42,44,46,44,4,15,5,20
"C01","933000120117313","F","F26",107,82,79,93,84,82,96,95,106,108,103,64,127,115,-25,-28,-14,-23,-25,-11,-12,-1,1,-4,-43,20,8,-4.75,77,78,79,80,83,84,85,86,87,91,92,93,94,17,7,21,15,5,10,9,22
"C01","933000120117318","M","M54",6,5,7,7,8,5,8,2,4,4,2,7,2,3,-1,1,1,2,-1,2,-4,-2,-2,-4,1,-4,-3,-2.5,85,86,87,88,91,92,93,94,95,99,100,101,102,3,1,3,2.33333333333333,0,2,3,5
"C01","933000120117320","M","M58",57,97,121,105,131,107,126,131,130,143,153,131,150,150,40,64,48,74,50,69,74,73,86,96,74,93,93,89,86,87,88,89,92,93,94,95,96,100,101,102,103,3,11,21,11.6666666666667,5,16,13,16
"C01","933000120117321","M","M55",5,8,9,3,46,33,9,86,34,113,117,117,117,129,3,4,-2,41,28,4,81,29,108,112,112,112,124,115,85,86,87,88,91,92,93,94,95,99,100,101,102,8,5,1,4.66666666666667,2,11,13,1
"C01","933000120117323","F","F23",2,2,3,0,2,0,1,2,1,5,10,5,5,9,0,1,-2,0,-2,-1,0,-1,3,8,3,3,7,5.25,86,87,88,89,92,93,94,95,96,100,101,102,103,1,0,3,1.33333333333333,2,4,1,2
"C01","933000120117324","M","M65",4,7,24,6,41,4,11,54,94,97,128,131,170,199,3,20,2,37,0,7,50,90,93,124,127,166,195,153,85,86,87,88,91,92,93,94,95,99,100,101,102,1,3,1,1.66666666666667,1,11,6,2
"C01","933000120117325","M","M59",6,1,3,3,6,20,28,65,69,89,111,107,119,128,-5,-3,-3,0,14,22,59,63,83,105,101,113,122,110.25,86,87,88,89,92,93,94,95,96,100,101,102,103,2,0,3,1.66666666666667,0,12,14,3
"C01","933000120117326","M","M69",8,74,44,51,59,63,56,38,89,111,125,120,133,89,66,36,43,51,55,48,30,81,103,117,112,125,81,108.75,87,88,89,90,93,94,95,96,97,101,102,103,104,6,5,5,5.33333333333333,3,12,2,4
"C01","933000120117329","F","F22",115,82,101,119,92,90,107,150,130,119,110,182,83,140,-33,-14,4,-23,-25,-8,35,15,4,-5,67,-32,25,13.75,85,86,87,88,91,92,93,94,95,99,100,101,102,39,36,36,37,15,NA,3,12
"C01","933000120117331","M","M31",94,118,19,30,8,13,8,5,11,8,13,10,9,9,24,-75,-64,-86,-81,-86,-89,-83,-86,-81,-84,-85,-85,-83.75,93,94,95,96,99,100,101,102,103,107,108,109,110,2,15,25,14,5,1,0,2
"C01","933000120117332","M","M22",16,14,101,118,134,145,114,119,117,140,121,128,139,180,-2,85,102,118,129,98,103,101,124,105,112,123,164,126,92,93,94,95,98,99,100,101,102,106,107,108,109,0,1,0,0.333333333333333,1,12,NA,1
"C01","933000120117333","F","F4",83,78,90,81,106,105,107,113,129,132,151,136,134,130,-5,7,-2,23,22,24,30,46,49,68,53,51,47,54.75,93,94,95,96,99,100,101,102,103,107,108,109,110,32,31,31,31.3333333333333,10,10,8,15
"C01","933000120117334","F","F10",149,125,116,86,23,129,130,86,115,137,221,205,172,187,-24,-33,-63,-126,-20,-19,-63,-34,-12,72,56,23,38,47.25,93,94,95,96,99,100,101,102,103,107,108,109,110,9,19,44,24,5,15,14,11
"C01","933000120117335","M","M14",0,0,0,0,0,0,0,0,0,0,0,0,0,0,0,0,0,0,0,0,0,0,0,0,0,0,0,0,93,94,95,96,99,100,101,102,103,107,108,109,110,15,0,0,5,0,0,0,7
"C01","933000120117336","M","M34",66,22,30,69,73,72,102,108,94,92,97,105,119,119,-44,-36,3,7,6,36,42,28,26,31,39,53,53,44,93,94,95,96,99,100,101,102,103,107,108,109,110,12,0,3,5,4,12,17,25
"C01","933000120117338","M","M2",57,38,72,90,112,101,101,101,98,115,108,112,116,122,-19,15,33,55,44,44,44,41,58,51,55,59,65,57.5,93,94,95,96,99,100,101,102,103,107,108,109,110,11,10,12,11,6,13,11,3
"C01","933000120117339","M","M27",9,4,5,9,4,24,134,60,80,94,132,97,127,148,-5,-4,0,-5,15,125,51,71,85,123,88,118,139,117,92,93,94,95,98,99,100,101,102,106,107,108,109,2,2,0,1.33333333333333,0,12,0,1
"C01","933000120117340","F","F7",3,0,0,0,3,1,3,2,7,106,179,458,70,44,-3,-3,-3,0,-2,0,-1,4,103,176,455,67,41,184.75,92,93,94,95,98,99,100,101,102,106,107,108,109,0,0,0,0,0,8,4,10
"C01","933000120117341","F","F9",5,2,10,9,119,130,124,126,145,77,173,158,144,152,-3,5,4,114,125,119,121,140,72,168,153,139,147,151.75,92,93,94,95,98,99,100,101,102,106,107,108,109,2,0,0,0.666666666666667,0,4,12,16
"C01","933000120117342","F","F3",64,78,80,73,89,79,58,57,33,67,16,33,50,28,14,16,9,25,15,-6,-7,-31,3,-48,-31,-14,-36,-32.25,93,94,95,96,99,100,101,102,103,107,108,109,110,21,19,20,20,9,9,5,4
"C01","933000120117343","F","F11",104,102,93,124,105,96,100,97,100,117,106,120,119,118,-2,-11,20,1,-8,-4,-7,-4,13,2,16,15,14,11.75,93,94,95,96,99,100,101,102,103,107,108,109,110,42,37,38,39,11,17,19,27
"C01","933000120117344","M","M21",98,92,98,97,108,106,106,113,103,103,106,104,106,122,-6,0,-1,10,8,8,15,5,5,8,6,8,24,11.5,92,93,94,95,98,99,100,101,102,106,107,108,109,32,34,36,34,4,15,17,13
"C01","933000120117345","M","M8",1,3,3,2,3,4,0,1,3,2,0,3,0,2,2,2,1,2,3,-1,0,2,1,-1,2,-1,1,0.25,93,94,95,96,99,100,101,102,103,107,108,109,110,2,1,0,1,2,0,0,1
"C01","933000120117346","F","F13",2,2,0,0,1,4,13,92,113,96,121,110,115,120,0,-2,-2,-1,2,11,90,111,94,119,108,113,118,114.5,87,88,89,90,93,94,95,96,97,101,102,103,104,0,1,0,0.333333333333333,1,11,10,20
"C01","933000120117347","F","F5",3,3,64,16,54,25,75,10,24,68,93,104,98,41,0,61,13,51,22,72,7,21,65,90,101,95,38,81,93,94,95,96,99,100,101,102,103,107,108,109,110,1,1,0,0.666666666666667,1,9,3,3
"C01","933000120117348","M","M7",76,105,102,111,111,107,104,104,107,104,87,97,110,124,29,26,35,35,31,28,28,31,28,11,21,34,48,28.5,93,94,95,96,99,100,101,102,103,107,108,109,110,42,58,47,49,4,13,14,3
"C01","933000120117349","F","F6",51,72,93,114,159,111,114,121,122,227,149,162,155,140,21,42,63,108,60,63,70,71,176,98,111,104,89,100.5,93,94,95,96,99,100,101,102,103,107,108,109,110,2,0,2,1.33333333333333,0,12,9,14
"C01","933000120117350","M","M28",4,8,8,5,9,7,30,26,55,0,76,0,2,133,4,4,1,5,3,26,22,51,-4,72,-4,-2,129,48.75,93,94,95,96,99,100,101,102,103,107,108,109,110,2,0,0,0.666666666666667,0,0,0,9
"C01","933000120117351","F","F8",0,0,0,0,0,0,0,0,0,1,1,0,0,0,0,0,0,0,0,0,0,0,1,1,0,0,0,0.25,92,93,94,95,98,99,100,101,102,106,107,108,109,0,0,0,0,0,0,1,0
"C01","933000120117352","M","M13",2,9,9,100,111,139,104,115,89,24,46,62,88,127,7,7,98,109,137,102,113,87,22,44,60,86,125,78.75,93,94,95,96,99,100,101,102,103,107,108,109,110,2,0,2,1.33333333333333,4,4,10,1
"C01","933000120117355","F","F12",2,1,3,3,2,3,2,6,4,5,74,116,107,110,-1,1,1,0,1,0,4,2,3,72,114,105,108,99.75,93,94,95,96,99,100,101,102,103,107,108,109,110,2,3,2,2.33333333333333,0,11,11,18
"C01","933000120124696","M","M50",15,3,3,1,10,9,4,9,4,8,5,4,3,5,-12,-12,-14,-5,-6,-11,-6,-11,-7,-10,-11,-12,-10,-10.75,86,87,88,89,92,93,94,95,96,100,101,102,103,15,0,10,8.33333333333333,4,2,1,2
"C01","933000120124697","F","F16",31,88,102,117,108,90,59,62,72,86,98,115,116,121,57,71,86,77,59,28,31,41,55,67,84,85,90,81.5,87,88,89,90,93,94,95,96,97,101,102,103,104,0,0,2,0.666666666666667,2,12,13,34
"C01","933000120124698","M","M51",32,9,3,16,30,8,27,2,5,30,20,24,10,21,-23,-29,-16,-2,-24,-5,-30,-27,-2,-12,-8,-22,-11,-13.25,86,87,88,89,92,93,94,95,96,100,101,102,103,5,7,6,6,5,8,7,6
"C01","933000120124699","F","F14",0,0,2,1,0,3,0,3,0,6,328,154,180,144,0,2,1,0,3,0,3,0,6,328,154,180,144,201.5,87,88,89,90,93,94,95,96,97,101,102,103,104,1,1,0,0.666666666666667,2,4,8,5
"C01","933000120124700","F","F15",0,2,0,2,8,1,1,1,3,3,2,1,1,0,2,0,2,8,1,1,1,3,3,2,1,1,0,1,87,88,89,90,93,94,95,96,97,101,102,103,104,0,0,0,0,0,1,1,NA
"C01","933000120124701","F","F1",91,83,89,81,130,101,82,83,105,113,117,145,162,122,-8,-2,-10,39,10,-9,-8,14,22,26,54,71,31,45.5,93,94,95,96,99,100,101,102,103,107,108,109,110,13,19,21,17.6666666666667,10,13,11,26
"C01","933000120124703","F","F2",87,35,110,86,115,104,96,106,134,127,134,158,140,148,-52,23,-1,28,17,9,19,47,40,47,71,53,61,58,93,94,95,96,99,100,101,102,103,107,108,109,110,14,4,16,11.3333333333333,6,12,11,26
"C01","933000120124704","F","F18",117,106,109,65,131,128,128,123,155,148,162,186,160,169,-11,-8,-52,14,11,11,6,38,31,45,69,43,52,52.25,86,87,88,89,92,93,94,95,96,100,101,102,103,36,34,40,36.6666666666667,11,14,12,11
"C01","933000120124705","M","M1",22,32,5,12,14,0,2,14,51,25,27,37,31,48,10,-17,-10,-8,-22,-20,-8,29,3,5,15,9,26,13.75,93,94,95,96,99,100,101,102,103,107,108,109,110,1,3,3,2.33333333333333,2,5,3,4
"C02","933000120138271","F","F79",26,64,40,109,118,121,103,102,127,113,114,114,127,136,38,14,83,92,95,77,76,101,87,88,88,101,110,96.75,79,80,81,84,85,86,87,88,91,93,94,95,98,1,0,2,1,0,8,17,18
"C02","933000120138279","F","F78",19,75,13,63,72,59,62,29,91,83,90,77,52,104,56,-6,44,53,40,43,10,72,64,71,58,33,85,61.75,79,80,81,84,85,86,87,88,91,93,94,95,98,0,3,4,2.33333333333333,2,11,1,12
"C02","933000120138280","M","M156",9,11,21,11,15,19,12,14,66,48,41,72,59,115,2,12,2,6,10,3,5,57,39,32,63,50,106,62.75,79,80,81,84,85,86,87,88,91,93,94,95,98,2,6,3,3.66666666666667,2,1,11,1
"C02","933000120138281","M","M177",4,0,0,0,0,1,0,1,0,0,0,0,0,0,-4,-4,-4,-4,-3,-4,-3,-4,-4,-4,-4,-4,-4,-4,67,68,69,72,73,74,75,76,79,81,82,83,86,0,0,0,0,0,1,14,0
"C02","933000120138282","F","F105",117,97,111,109,62,85,88,57,78,90,150,117,124,145,-20,-6,-8,-55,-32,-29,-60,-39,-27,33,0,7,28,17,66,67,68,71,72,73,74,75,78,80,81,82,85,40,42,38,40,8,6,6,7
"C02","933000120138283","M","M174",14,8,19,101,136,107,261,114,127,105,108,120,119,142,-6,5,87,122,93,247,100,113,91,94,106,105,128,108.25,67,68,69,72,73,74,75,76,79,81,82,83,86,3,2,3,2.66666666666667,1,12,13,22
"C02","933000120138285","F","F97",150,168,153,178,166,150,164,170,176,150,145,143,151,147,18,3,28,16,0,14,20,26,0,-5,-7,1,-3,-3.5,69,70,71,74,75,76,77,78,81,83,84,85,88,19,13,41,24.3333333333333,10,9,12,8
"C02","933000120138286","F","F103",4,4,20,22,15,21,143,111,57,53,161,50,148,59,0,16,18,11,17,139,107,53,49,157,46,144,55,100.5,66,67,68,71,72,73,74,75,78,80,81,82,85,1,0,4,1.66666666666667,0,0,11,8
"C02","933000120138287","F","F99",173,173,147,192,197,192,171,252,305,207,190,175,177,155,0,-26,19,24,19,-2,79,132,34,17,2,4,-18,1.25,67,68,69,72,73,74,75,76,79,81,82,83,86,60,61,58,59.6666666666667,11,12,15,23
"C02","933000120138288","M","M173",77,99,98,107,114,102,110,113,119,107,122,133,140,138,22,21,30,37,25,33,36,42,30,45,56,63,61,56.25,69,70,71,74,75,76,77,78,81,83,84,85,88,16,20,21,19,6,12,15,8
"C02","933000120138289","M","M172",63,92,76,122,102,96,107,123,123,115,134,142,126,143,29,13,59,39,33,44,60,60,52,71,79,63,80,73.25,69,70,71,74,75,76,77,78,81,83,84,85,88,15,9,11,11.6666666666667,3,NA,9,7
"C02","933000120138291","M","M175",31,32,11,48,30,46,67,62,114,86,99,103,65,107,1,-20,17,-1,15,36,31,83,55,68,72,34,76,62.5,67,68,69,72,73,74,75,76,79,81,82,83,86,2,4,7,4.33333333333333,3,11,1,2
"C02","933000120138293","F","F96",90,107,127,125,141,120,149,126,104,90,100,97,91,103,17,37,35,51,30,59,36,14,0,10,7,1,13,7.75,69,70,71,74,75,76,77,78,81,83,84,85,88,5,8,23,12,4,14,12,8
"C02","933000120138295","F","F98",113,118,121,134,125,104,115,130,129,117,116,115,121,136,5,8,21,12,-9,2,17,16,4,3,2,8,23,9,67,68,69,72,73,74,75,76,79,81,82,83,86,28,43,39,36.6666666666667,10,13,10,15
"C02","933000120138296","F","F101",200,165,131,201,7,136,126,127,167,140,136,174,156,142,-35,-69,1,-193,-64,-74,-73,-33,-60,-64,-26,-44,-58,-48,67,68,69,72,73,74,75,76,79,81,82,83,86,62,24,58,48,10,12,11,32
"C02","933000120138300","F","F104",6,1,3,4,15,18,37,21,23,46,41,23,9,28,-5,-3,-2,9,12,31,15,17,40,35,17,3,22,19.25,66,67,68,71,72,73,74,75,78,80,81,82,85,0,3,1,1.33333333333333,0,2,5,14
"C02","933000120138302","M","M176",15,10,7,4,6,4,6,10,56,62,64,84,76,70,-5,-8,-11,-9,-11,-9,-5,41,47,49,69,61,55,58.5,67,68,69,72,73,74,75,76,79,81,82,83,86,5,4,3,4,1,5,6,8
"C02","933000120138304","F","F102",148,145,178,167,202,141,144,163,205,157,179,184,210,173,-3,30,19,54,-7,-4,15,57,9,31,36,62,25,38.5,66,67,68,71,72,73,74,75,78,80,81,82,85,26,41,59,42,0,14,18,42
"C02","933000120138305","F","F100",6,34,113,125,126,117,132,138,142,118,116,129,128,105,28,107,119,120,111,126,132,136,112,110,123,122,99,113.5,67,68,69,72,73,74,75,76,79,81,82,83,86,0,0,2,0.666666666666667,1,16,14,17
"C02","933000120138306","F","F93",0,0,0,1,4,9,42,33,41,47,82,108,110,113,0,0,1,4,9,42,33,41,47,82,108,110,113,103.25,70,71,72,75,76,77,78,79,82,84,85,86,89,0,0,4,1.33333333333333,2,13,2,14
"C02","933000120138316","F","F92",7,2,5,72,56,19,32,70,95,85,93,67,107,113,-5,-2,65,49,12,25,63,88,78,86,60,100,106,88,70,71,72,75,76,77,78,79,82,84,85,86,89,1,5,6,4,1,13,12,30
"C02","933000120138321","M","M169",121,148,134,138,145,91,135,144,144,137,147,151,155,156,27,13,17,24,-30,14,23,23,16,26,30,34,35,31.25,70,71,72,75,76,77,78,79,82,84,85,86,89,10,30,33,24.3333333333333,9,3,15,1
"C02","933000120138322","M","M168",8,15,23,50,51,56,98,77,108,114,128,144,163,164,7,15,42,43,48,90,69,100,106,120,136,155,156,141.75,70,71,72,75,76,77,78,79,82,84,85,86,89,0,0,3,1,2,11,13,10
"C02","933000120138324","M","M171",136,166,165,149,163,149,163,185,179,151,174,180,181,159,30,29,13,27,13,27,49,43,15,38,44,45,23,37.5,70,71,72,75,76,77,78,79,82,84,85,86,89,7,50,47,34.6666666666667,8,9,14,19
"C02","933000120138330","M","M170",46,38,116,136,146,123,129,135,138,128,137,144,145,159,-8,70,90,100,77,83,89,92,82,91,98,99,113,100.25,70,71,72,75,76,77,78,79,82,84,85,86,89,21,47,18,28.6666666666667,6,12,12,17
"C02","933000120138331","F","F84",7,4,6,4,5,2,37,45,45,53,60,66,73,93,-3,-1,-3,-2,-5,30,38,38,46,53,59,66,86,66,74,75,76,79,80,81,82,83,86,88,89,90,93,2,2,0,1.33333333333333,1,6,1,21
"C02","933000120138332","M","M162",28,44,58,55,64,80,90,97,109,101,111,105,102,101,16,30,27,36,52,62,69,81,73,83,77,74,73,76.75,74,75,76,79,80,81,82,83,86,88,89,90,93,2,3,4,3,2,11,12,3
"C02","933000120138333","M","M167",158,157,162,162,172,159,156,163,191,144,161,152,122,142,-1,4,4,14,1,-2,5,33,-14,3,-6,-36,-16,-13.75,72,73,74,77,78,79,80,81,84,86,87,88,91,33,41,46,40,9,9,3,4
"C02","933000120138334","M","M161",0,0,0,2,3,2,8,79,56,83,118,97,105,117,0,0,2,3,2,8,79,56,83,118,97,105,117,109.25,74,75,76,79,80,81,82,83,86,88,89,90,93,0,0,1,0.333333333333333,0,15,16,0
"C02","933000120138335","F","F85",8,15,18,66,89,72,109,129,127,118,130,129,147,145,7,10,58,81,64,101,121,119,110,122,121,139,137,129.75,74,75,76,79,80,81,82,83,86,88,89,90,93,3,0,4,2.33333333333333,3,6,12,21
"C02","933000120138336","M","M155",24,44,31,95,73,59,82,88,92,79,86,94,92,90,20,7,71,49,35,58,64,68,55,62,70,68,66,66.5,79,80,81,84,85,86,87,88,91,93,94,95,98,0,0,4,1.33333333333333,1,12,12,5
"C02","933000120138338","F","F87",44,20,19,76,54,53,87,114,142,110,118,102,114,121,-24,-25,32,10,9,43,70,98,66,74,58,70,77,69.75,75,76,77,80,81,82,83,84,87,89,90,91,94,10,10,20,13.3333333333333,6,10,10,17
"C02","933000120138339","M","M165",16,22,0,0,0,0,0,18,100,94,86,71,47,121,6,-16,-16,-16,-16,-16,2,84,78,70,55,31,105,65.25,72,73,74,77,78,79,80,81,84,86,87,88,91,10,18,28,18.6666666666667,5,7,0,4
"C02","933000120138340","F","F83",47,98,73,92,100,92,98,86,89,99,101,100,104,108,51,26,45,53,45,51,39,42,52,54,53,57,61,56.25,74,75,76,79,80,81,82,83,86,88,89,90,93,16,13,16,15,5,17,16,13
"C02","933000120138341","F","F86",17,14,14,23,18,86,61,62,121,125,116,153,134,143,-3,-3,6,1,69,44,45,104,108,99,136,117,126,119.5,75,76,77,80,81,82,83,84,87,89,90,91,94,3,8,3,4.66666666666667,1,14,16,12
"C02","933000120138342","M","M163",121,92,112,116,134,108,108,116,115,96,86,105,102,88,-29,-9,-5,13,-13,-13,-5,-6,-25,-35,-16,-19,-33,-25.75,74,75,76,79,80,81,82,83,86,88,89,90,93,6,2,18,8.66666666666667,2,0,10,2
"C02","933000120138343","F","F88",99,98,111,106,114,108,89,97,105,105,111,111,108,112,-1,12,7,15,9,-10,-2,6,6,12,12,9,13,11.5,72,73,74,77,78,79,80,81,84,86,87,88,91,51,45,37,44.3333333333333,12,10,10,23
"C02","933000120138344","M","M160",90,88,87,106,101,82,90,95,111,88,95,99,96,117,-2,-3,16,11,-8,0,5,21,-2,5,9,6,27,11.75,74,75,76,79,80,81,82,83,86,88,89,90,93,3,59,90,50.6666666666667,10,16,18,11
"C02","933000120138346","M","M164",0,1,1,1,1,2,0,2,2,77,43,93,197,183,1,1,1,1,2,0,2,2,77,43,93,197,183,129,72,73,74,77,78,79,80,81,84,86,87,88,91,0,0,0,0,0,13,12,12
"C02","933000120138347","M","M154",16,55,77,112,115,109,97,122,135,115,124,135,129,145,39,61,96,99,93,81,106,119,99,108,119,113,129,117.25,79,80,81,84,85,86,87,88,91,93,94,95,98,1,1,2,1.33333333333333,1,11,11,16
"C02","933000120138348","M","M166",2,2,2,3,4,1,4,3,9,6,4,69,87,90,0,0,1,2,-1,2,1,7,4,2,67,85,88,60.5,72,73,74,77,78,79,80,81,84,86,87,88,91,1,1,1,1,0,12,0,11
"C02","933000120138349","M","M153",5,4,3,4,3,12,17,71,105,102,106,121,117,149,-1,-2,-1,-2,7,12,66,100,97,101,116,112,144,118.25,79,80,81,84,85,86,87,88,91,93,94,95,98,2,1,2,1.66666666666667,1,11,8,6
"C02","933000120138351","F","F90",135,125,146,134,146,141,134,133,151,124,141,155,140,198,-10,11,-1,11,6,-1,-2,16,-11,6,20,5,63,23.5,72,73,74,77,78,79,80,81,84,86,87,88,91,55,52,48,51.6666666666667,14,16,19,21
"C02","933000120138354","F","F89",97,116,142,149,139,124,127,140,155,117,128,135,147,143,19,45,52,42,27,30,43,58,20,31,38,50,46,41.25,72,73,74,77,78,79,80,81,84,86,87,88,91,43,46,43,44,12,15,15,27
"C03","933000120138384","M","M366",13,25,37,29,73,56,105,98,123,106,98,113,120,103,12,24,16,60,43,92,85,110,93,85,100,107,90,95.5,89,90,91,94,95,96,97,98,101,103,104,105,108,1,1,4,2,0,13,13,22
"C03","933000120138385","M","M368",14,7,9,9,8,6,6,3,9,7,10,7,13,15,-7,-5,-5,-6,-8,-8,-11,-5,-7,-4,-7,-1,1,-2.75,86,87,88,91,92,93,94,95,98,100,101,102,105,3,2,2,2.33333333333333,2,2,5,2
"C03","933000120138386","F","F305",47,66,64,105,104,122,112,129,130,122,128,155,143,143,19,17,58,57,75,65,82,83,75,81,108,96,96,95.25,86,87,88,91,92,93,94,95,98,100,101,102,105,2,7,14,7.66666666666667,6,11,9,21
"C03","933000120138388","F","F323",41,32,19,48,61,39,17,18,35,28,24,32,15,26,-9,-22,7,20,-2,-24,-23,-6,-13,-17,-9,-26,-15,-16.75,86,87,88,91,92,93,94,95,98,100,101,102,105,7,7,2,5.33333333333333,3,7,9,9
"C03","933000120138389","M","M360",70,40,42,46,51,105,113,112,134,111,1,139,145,101,-30,-28,-24,-19,35,43,42,64,41,-69,69,75,31,26.5,88,89,90,93,94,95,96,97,100,102,103,104,107,3,5,6,4.66666666666667,5,NA,NA,NA
"C03","933000120138394","M","M359",7,7,27,30,97,76,121,131,52,127,120,103,109,117,0,20,23,90,69,114,124,45,120,113,96,102,110,105.25,86,87,88,91,92,93,94,95,98,100,101,102,105,2,1,1,1.33333333333333,2,0,13,13
"C03","933000120138395","M","M371",1,1,0,0,0,0,0,0,0,0,0,0,5,0,0,-1,-1,-1,-1,-1,-1,-1,-1,-1,-1,4,-1,0.25,86,87,88,91,92,93,94,95,98,100,101,102,105,0,0,0,0,0,0,6,4
"C03","933000120138397","M","M367",126,108,114,128,138,141,144,145,162,146,155,147,170,148,-18,-12,2,12,15,18,19,36,20,29,21,44,22,29,86,87,88,91,92,93,94,95,98,100,101,102,105,3,8,8,6.33333333333333,5,14,12,22
"C03","933000120138398","F","F306",51,100,36,80,34,94,72,85,56,36,65,98,110,93,49,-15,29,-17,43,21,34,5,-15,14,47,59,42,40.5,86,87,88,91,92,93,94,95,98,100,101,102,105,2,1,4,2.33333333333333,6,17,18,11
"C03","933000120138400","F","F303",85,69,56,101,71,113,42,128,119,105,117,107,99,129,-16,-29,16,-14,28,-43,43,34,20,32,22,14,44,28,86,87,88,91,92,93,94,95,98,100,101,102,105,3,8,9,6.66666666666667,0,10,12,0
"C03","933000120138401","M","M372",54,43,58,48,68,62,78,86,132,72,85,77,75,78,-11,4,-6,14,8,24,32,78,18,31,23,21,24,24.75,86,87,88,91,92,93,94,95,98,100,101,102,105,3,12,9,8,5,16,14,1
"C03","933000120138403","F","F304",103,104,108,112,115,129,135,177,137,140,158,155,152,130,1,5,9,12,26,32,74,34,37,55,52,49,27,45.75,88,89,90,93,94,95,96,97,100,102,103,104,107,26,25,30,27,9,12,10,20
"C03","933000120138556","F","F312",22,50,43,79,113,113,118,128,123,106,143,147,147,171,28,21,57,91,91,96,106,101,84,121,125,125,149,130,90,91,92,95,96,97,98,99,102,104,105,106,109,0,0,1,0.333333333333333,2,10,11,4
"C03","933000120138557","M","M361",86,87,80,102,114,129,119,128,116,123,113,110,123,135,1,-6,16,28,43,33,42,30,37,27,24,37,49,34.25,90,91,92,95,96,97,98,99,102,104,105,106,109,10,4,9,7.66666666666667,4,9,14,16
"C03","933000120138558","M","M354",35,31,31,55,54,76,86,75,99,75,83,79,79,92,-4,-4,20,19,41,51,40,64,40,48,44,44,57,48.25,90,91,92,95,96,97,98,99,102,104,105,106,109,7,6,12,8.33333333333333,4,0,11,0
"C03","933000120138559","F","F311",50,94,89,99,87,95,102,123,104,109,109,127,142,117,44,39,49,37,45,52,73,54,59,59,77,92,67,73.75,90,91,92,95,96,97,98,99,102,104,105,106,109,5,1,4,3.33333333333333,1,13,13,16
"C03","933000120138561","F","F308",34,60,51,67,71,70,77,70,73,47,64,94,51,83,26,17,33,37,36,43,36,39,13,30,60,17,49,39,96,97,98,101,102,103,104,105,108,110,111,112,115,10,11,10,10.3333333333333,7,5,10,17
"C03","933000120138564","M","M373",57,43,66,63,75,62,64,47,71,65,94,122,140,142,-14,9,6,18,5,7,-10,14,8,37,65,83,85,67.5,89,90,91,94,95,96,97,98,101,103,104,105,108,2,4,4,3.33333333333333,3,9,9,21
"C03","933000120138568","F","F302",90,59,79,87,53,90,100,60,123,109,103,121,143,112,-31,-11,-3,-37,0,10,-30,33,19,13,31,53,22,29.75,90,91,92,95,96,97,98,99,102,104,105,106,109,10,21,18,16.3333333333333,7,11,10,6
"C03","933000120138569","M","M364",119,65,125,122,113,109,122,107,111,103,115,109,109,108,-54,6,3,-6,-10,3,-12,-8,-16,-4,-10,-10,-11,-8.75,90,91,92,95,96,97,98,99,102,104,105,106,109,28,30,38,32,10,8,5,4
"C03","933000120138573","M","M362",15,20,21,17,65,65,50,35,47,44,58,41,78,55,5,6,2,50,50,35,20,32,29,43,26,63,40,43,90,91,92,95,96,97,98,99,102,104,105,106,109,1,0,4,1.66666666666667,1,3,4,2
"C03","933000120138575","M","M353",48,49,61,96,105,110,117,118,113,105,104,125,107,103,1,13,48,57,62,69,70,65,57,56,77,59,55,61.75,90,91,92,95,96,97,98,99,102,104,105,106,109,5,27,10,14,6,13,15,5
"C03","933000120138577","M","M363",99,115,122,125,108,103,110,93,98,92,108,104,109,110,16,23,26,9,4,11,-6,-1,-7,9,5,10,11,8.75,90,91,92,95,96,97,98,99,102,104,105,106,109,27,27,24,26,9,15,12,4
"C03","933000120138578","F","F301",70,50,57,87,14,69,82,80,98,93,99,92,88,100,-20,-13,17,-56,-1,12,10,28,23,29,22,18,30,24.75,90,91,92,95,96,97,98,99,102,104,105,106,109,21,18,8,15.6666666666667,5,15,11,14
"C03","933000120138579","F","F307",56,43,36,44,41,42,41,49,43,40,45,47,48,155,-13,-20,-12,-15,-14,-15,-7,-13,-16,-11,-9,-8,99,17.75,96,97,98,101,102,103,104,105,108,110,111,112,115,14,15,14,14.3333333333333,15,16,13,8
"C03","933000120138631","F","F320",152,123,134,134,121,130,125,157,149,142,150,147,128,167,-29,-18,-18,-31,-22,-27,5,-3,-10,-2,-5,-24,15,-4,96,97,98,101,102,103,104,105,108,110,111,112,115,9,63,55,42.3333333333333,9,12,11,22
"C03","933000120138632","F","F322",5,29,91,149,115,125,82,97,119,117,138,142,180,163,24,86,144,110,120,77,92,114,112,133,137,175,158,150.75,96,97,98,101,102,103,104,105,108,110,111,112,115,1,1,0,0.666666666666667,0,14,12,27
"C03","933000120138633","F","F316",0,1,1,42,16,30,107,109,112,114,129,134,108,111,1,1,42,16,30,107,109,112,114,129,134,108,111,120.5,96,97,98,101,102,103,104,105,108,110,111,112,115,0,0,1,0.333333333333333,0,8,10,9
"C03","933000120138634","F","F315",131,136,136,123,104,134,133,171,129,138,167,162,74,141,5,5,-8,-27,3,2,40,-2,7,36,31,-57,10,5,96,97,98,101,102,103,104,105,108,110,111,112,115,31,38,42,37,7,10,8,11
"C03","933000120138636","M","M358",8,9,9,14,30,11,21,60,89,92,83,51,49,92,1,1,6,22,3,13,52,81,84,75,43,41,84,60.75,96,97,98,101,102,103,104,105,108,110,111,112,115,2,3,1,2,1,0,12,0
"C03","933000120138637","F","F317",0,3,4,5,6,5,1,63,38,61,64,66,53,35,3,4,5,6,5,1,63,38,61,64,66,53,35,54.5,96,97,98,101,102,103,104,105,108,110,111,112,115,0,1,0,0.333333333333333,2,1,11,7
"C03","933000120138638","M","M356",13,10,23,57,50,92,110,92,132,61,19,0,0,101,-3,10,44,37,79,97,79,119,48,6,-13,-13,88,17,101,102,103,106,107,108,109,110,113,115,116,117,120,5,2,1,2.66666666666667,2,1,6,1
"C03","933000120138639","M","M365",2,17,41,51,32,29,31,108,92,99,102,105,103,98,15,39,49,30,27,29,106,90,97,100,103,101,96,100,96,97,98,101,102,103,104,105,108,110,111,112,115,1,0,0,0.333333333333333,1,10,11,15
"C03","933000120138640","M","M370",0,0,1,2,0,2,0,0,0,0,0,0,1,0,0,1,2,0,2,0,0,0,0,0,0,1,0,0.25,96,97,98,101,102,103,104,105,108,110,111,112,115,0,0,0,0,0,0,0,1
"C03","933000120138642","F","F310",84,80,83,79,91,82,82,94,86,77,92,92,105,100,-4,-1,-5,7,-2,-2,10,2,-7,8,8,21,16,13.25,96,97,98,101,102,103,104,105,108,110,111,112,115,24,25,21,23.3333333333333,11,13,14,14
"C03","933000120138643","M","M369",28,6,7,6,9,8,4,11,42,17,35,47,17,30,-22,-21,-22,-19,-20,-24,-17,14,-11,7,19,-11,2,4.25,96,97,98,101,102,103,104,105,108,110,111,112,115,2,1,3,2,1,1,5,5
"C03","933000120138644","F","F319",164,145,141,146,134,148,173,171,198,148,179,85,189,148,-19,-23,-18,-30,-16,9,7,34,-16,15,-79,25,-16,-13.75,96,97,98,101,102,103,104,105,108,110,111,112,115,51,35,39,41.6666666666667,8,4,14,17
"C03","933000120138645","M","M355",0,2,3,3,3,12,49,89,109,87,104,102,44,109,2,3,3,3,12,49,89,109,87,104,102,44,109,89.75,101,102,103,106,107,108,109,110,113,115,116,117,120,2,0,0,0.666666666666667,0,9,8,1
"C03","933000120138646","M","M352",68,54,80,85,89,92,101,101,104,95,98,100,111,102,-14,12,17,21,24,33,33,36,27,30,32,43,34,34.75,96,97,98,101,102,103,104,105,108,110,111,112,115,3,10,19,10.6666666666667,6,11,10,2
"C03","933000120138647","F","F313",67,76,78,83,78,90,99,102,107,95,106,111,106,104,9,11,16,11,23,32,35,40,28,39,44,39,37,39.75,101,102,103,106,107,108,109,110,113,115,116,117,120,26,30,31,29,10,12,13,19
"C03","933000120138648","F","F309",92,99,92,96,99,101,103,138,103,121,135,143,129,120,7,0,4,7,9,11,46,11,29,43,51,37,28,39.75,96,97,98,101,102,103,104,105,108,110,111,112,115,23,27,20,23.3333333333333,10,12,13,23
"C03","933000120138649","M","M351",42,87,126,137,161,138,144,164,137,133,154,138,121,132,45,84,95,119,96,102,122,95,91,112,96,79,90,94.25,96,97,98,101,102,103,104,105,108,110,111,112,115,1,1,3,1.66666666666667,0,10,14,2
"C03","933000120138650","F","F318",149,109,153,194,135,132,146,149,136,125,139,168,148,136,-40,4,45,-14,-17,-3,0,-13,-24,-10,19,-1,-13,-1.25,96,97,98,101,102,103,104,105,108,110,111,112,115,31,26,19,25.3333333333333,10,13,11,20
"C03","933000120138652","F","F314",0,1,0,0,0,1,0,0,1,0,1,0,2,0,1,0,0,0,1,0,0,1,0,1,0,2,0,0.75,101,102,103,106,107,108,109,110,113,115,116,117,120,0,0,0,0,0,1,0,12
"C03","933000120138654","F","F321",1,4,1,1,4,3,1,5,4,4,24,117,115,112,3,0,0,3,2,0,4,3,3,23,116,114,111,91,96,97,98,101,102,103,104,105,108,110,111,112,115,0,0,1,0.333333333333333,0,11,15,31
"C03","933000120138655","M","M357",141,163,170,153,140,131,134,150,142,133,140,152,160,137,22,29,12,-1,-10,-7,9,1,-8,-1,11,19,-4,6.25,96,97,98,101,102,103,104,105,108,110,111,112,115,42,45,50,45.6666666666667,10,11,13,21
"C04","933000120138387","F","F415",53,100,103,104,110,104,115,114,126,124,114,130,129,141,47,50,51,57,51,62,61,73,71,61,77,76,88,75.5,78,79,80,81,84,85,86,87,88,92,93,94,95,2,3,2,2.33333333333333,1,14,13,24
"C04","933000120138390","F","F417",7,1,88,119,128,89,90,97,94,104,27,18,106,98,-6,81,112,121,82,83,90,87,97,20,11,99,91,55.25,76,77,78,79,82,83,84,85,86,90,91,92,93,1,0,0,0.333333333333333,1,10,12,9
"C04","933000120138391","F","F403",51,44,51,30,40,91,110,118,119,109,115,128,131,125,-7,0,-21,-11,40,59,67,68,58,64,77,80,74,73.75,74,75,76,77,80,81,82,83,84,88,89,90,91,4,1,0,1.66666666666667,0,14,12,23
"C04","933000120138399","M","M466",2,97,107,108,98,87,89,87,96,99,93,100,107,100,95,105,106,96,85,87,85,94,97,91,98,105,98,98,76,77,78,79,82,83,84,85,86,90,91,92,93,0,0,2,0.666666666666667,1,10,9,10
"C04","933000120138402","M","M463",67,92,119,129,144,127,113,131,35,147,138,144,147,172,25,52,62,77,60,46,64,-32,80,71,77,80,105,83.25,74,75,76,77,80,81,82,83,84,88,89,90,91,15,16,14,15,9,7,10,27
"C04","933000120138405","F","F416",3,0,0,3,1,94,59,70,83,75,67,82,86,86,-3,-3,0,-2,91,56,67,80,72,64,79,83,83,77.25,78,79,80,81,84,85,86,87,88,92,93,94,95,0,0,0,0,0,12,13,20
"C04","933000120138582","F","F406",118,112,125,125,127,119,118,129,129,131,122,131,137,134,-6,7,7,9,1,0,11,11,13,4,13,19,16,13,67,68,69,70,73,74,75,76,77,81,82,83,84,60,54,53,55.6666666666667,7,12,8,21
"C04","933000120138583","F","F424",114,114,111,107,96,112,126,125,128,118,118,124,127,134,0,-3,-7,-18,-2,12,11,14,4,4,10,13,20,11.75,69,70,71,72,75,76,77,78,79,83,84,85,86,36,42,38,38.6666666666667,10,16,14,26
"C04","933000120138584","M","M451",8,20,4,5,84,43,46,78,111,114,116,122,129,107,12,-4,-3,76,35,38,70,103,106,108,114,121,99,110.5,69,70,71,72,75,76,77,78,79,83,84,85,86,16,9,8,11,3,15,1,14
"C04","933000120138585","F","F423",12,48,29,21,10,3,53,17,41,26,68,20,40,13,36,17,9,-2,-9,41,5,29,14,56,8,28,1,23.25,71,72,73,74,77,78,79,80,81,85,86,87,88,3,1,1,1.66666666666667,1,13,5,25
"C04","933000120138589","M","M457",5,2,1,1,4,0,6,1,5,3,1,0,2,2,-3,-4,-4,-1,-5,1,-4,0,-2,-4,-5,-3,-3,-3.75,67,68,69,70,73,74,75,76,77,81,82,83,84,2,1,1,1.33333333333333,0,1,2,4
"C04","933000120138592","M","M467",3,0,1,0,0,1,0,1,0,0,0,0,0,0,-3,-2,-3,-3,-2,-3,-2,-3,-3,-3,-3,-3,-3,-3,67,68,69,70,73,74,75,76,77,81,82,83,84,1,0,1,0.666666666666667,0,1,3,13
"C04","933000120138598","M","M459",7,8,9,10,93,27,99,60,61,123,126,144,142,157,1,2,3,86,20,92,53,54,116,119,137,135,150,135.25,71,72,73,74,77,78,79,80,81,85,86,87,88,4,1,1,2,3,5,6,20
"C04","933000120138599","M","M468",34,62,77,45,70,117,99,125,121,133,135,142,145,148,28,43,11,36,83,65,91,87,99,101,108,111,114,108.5,67,68,69,70,73,74,75,76,77,81,82,83,84,7,9,8,8,6,13,13,1
"C04","933000120138600","M","M473",1,6,11,40,41,52,26,92,105,116,116,64,84,64,5,10,39,40,51,25,91,104,115,115,63,83,63,81,71,72,73,74,77,78,79,80,81,85,86,87,88,1,0,2,1,1,8,0,7
"C04","933000120138601","M","M452",4,2,1,3,2,1,2,1,0,7,0,1,0,0,-2,-3,-1,-2,-3,-2,-3,-4,3,-4,-3,-4,-4,-3.75,69,70,71,72,75,76,77,78,79,83,84,85,86,0,0,1,0.333333333333333,1,0,0,1
"C04","933000120138603","M","M460",105,77,120,103,95,103,103,99,0,0,0,1,0,0,-28,15,-2,-10,-2,-2,-6,-105,-105,-105,-104,-105,-105,-104.75,71,72,73,74,77,78,79,80,81,85,86,87,88,5,8,14,9,2,0,0,15
"C04","933000120138604","F","F405",1,0,0,0,0,0,0,0,1,1,1,0,0,0,-1,-1,-1,-1,-1,-1,-1,0,0,0,-1,-1,-1,-0.75,67,68,69,70,73,74,75,76,77,81,82,83,84,1,0,0,0.333333333333333,0,0,0,0
"C04","933000120138605","F","F419",31,38,65,59,77,104,97,79,120,117,111,134,120,126,7,34,28,46,73,66,48,89,86,80,103,89,95,91.75,71,72,73,74,77,78,79,80,81,85,86,87,88,5,24,23,17.3333333333333,6,12,12,4
"C04","933000120138619","F","F408",102,90,108,120,115,121,125,139,132,137,131,138,142,154,-12,6,18,13,19,23,37,30,35,29,36,40,52,39.25,67,68,69,70,73,74,75,76,77,81,82,83,84,7,56,5,22.6666666666667,3,10,10,26
"C04","933000120138629","M","M458",19,27,16,30,16,22,26,21,7,17,10,13,10,6,8,-3,11,-3,3,7,2,-12,-2,-9,-6,-9,-13,-9.25,67,68,69,70,73,74,75,76,77,81,82,83,84,6,12,19,12.3333333333333,3,6,3,20
"C04","933000120138656","M","M471",19,41,75,51,63,130,127,106,125,152,126,136,131,167,22,56,32,44,111,108,87,106,133,107,117,112,148,121,71,72,73,74,77,78,79,80,81,85,86,87,88,1,2,4,2.33333333333333,5,13,14,25
"C04","933000120138657","M","M461",3,0,2,4,7,4,1,2,2,101,86,96,45,53,-3,-1,1,4,1,-2,-1,-1,98,83,93,42,50,67,71,72,73,74,77,78,79,80,81,85,86,87,88,1,3,2,2,0,3,2,5
"C04","933000120138661","M","M456",120,149,70,143,119,179,125,60,31,114,116,113,126,141,29,-50,23,-1,59,5,-60,-89,-6,-4,-7,6,21,4,74,75,76,77,80,81,82,83,84,88,89,90,91,15,20,26,20.3333333333333,7,4,4,24
"C04","933000120138662","M","M455",4,6,118,119,124,205,133,277,156,133,119,143,111,134,2,114,115,120,201,129,273,152,129,115,139,107,130,122.75,74,75,76,77,80,81,82,83,84,88,89,90,91,1,3,3,2.33333333333333,0,11,14,21
"C04","933000120138663","F","F413",1,0,0,0,1,1,1,1,0,1,2,37,75,123,-1,-1,-1,0,0,0,0,-1,0,1,36,74,122,58.25,71,72,73,74,77,78,79,80,81,85,86,87,88,0,0,0,0,0,9,8,9
"C04","933000120138665","M","M453",51,13,105,218,165,62,137,125,158,154,117,131,133,140,-38,54,167,114,11,86,74,107,103,66,80,82,89,79.25,74,75,76,77,80,81,82,83,84,88,89,90,91,8,25,5,12.6666666666667,3,11,10,8
"C04","933000120138666","F","F412",111,102,118,120,126,120,124,119,119,124,127,131,127,120,-9,7,9,15,9,13,8,8,13,16,20,16,9,15.25,71,72,73,74,77,78,79,80,81,85,86,87,88,5,62,32,33,6,14,12,10
"C04","933000120138667","M","M470",4,2,3,1,1,1,1,0,1,2,0,0,1,0,-2,-1,-3,-3,-3,-3,-4,-3,-2,-4,-4,-3,-4,-3.75,71,72,73,74,77,78,79,80,81,85,86,87,88,NA,NA,NA,NA,NA,2,0,2
"C04","933000120138668","M","M469",11,16,17,16,31,37,24,45,36,87,108,121,131,140,5,6,5,20,26,13,34,25,76,97,110,120,129,114,71,72,73,74,77,78,79,80,81,85,86,87,88,1,2,2,1.66666666666667,2,8,11,10
"C04","933000120138669","M","M454",93,103,96,87,83,85,87,94,87,99,85,88,87,94,10,3,-6,-10,-8,-6,1,-6,6,-8,-5,-6,1,-4.5,74,75,76,77,80,81,82,83,84,88,89,90,91,2,7,28,12.3333333333333,4,9,9,15
"C04","933000120138670","M","M462",47,65,50,76,98,106,107,103,94,107,111,116,120,126,18,3,29,51,59,60,56,47,60,64,69,73,79,71.25,71,72,73,74,77,78,79,80,81,85,86,87,88,2,0,3,1.66666666666667,4,13,12,5
"C04","933000120138672","F","F422",70,105,81,163,185,178,111,61,147,93,111,133,130,130,35,11,93,115,108,41,-9,77,23,41,63,60,60,56,74,75,76,77,80,81,82,83,84,88,89,90,91,7,20,4,10.3333333333333,6,5,0,25
"C04","933000120138673","M","M472",1,1,3,3,6,8,6,5,11,123,23,93,101,100,0,2,2,5,7,5,4,10,122,22,92,100,99,78.25,71,72,73,74,77,78,79,80,81,85,86,87,88,1,0,0,0.333333333333333,1,11,13,9
"C04","933000120138674","F","F410",6,1,2,1,2,1,2,0,0,7,8,12,1,15,-5,-4,-5,-4,-5,-4,-6,-6,1,2,6,-5,9,3,74,75,76,77,80,81,82,83,84,88,89,90,91,2,0,0,0.666666666666667,1,2,16,14
"C04","933000120138675","F","F409",122,119,113,117,133,114,129,128,127,123,125,140,141,153,-3,-9,-5,11,-8,7,6,5,1,3,18,19,31,17.75,74,75,76,77,80,81,82,83,84,88,89,90,91,41,60,48,49.6666666666667,13,12,12,27
"C04","933000120138677","F","F411",120,134,130,125,122,120,128,144,142,134,128,146,132,152,14,10,5,2,0,8,24,22,14,8,26,12,32,19.5,74,75,76,77,80,81,82,83,84,88,89,90,91,36,29,34,33,7,16,20,22
"C04","933000120138679","F","F401",80,86,108,125,100,126,119,124,125,131,121,125,107,152,6,28,45,20,46,39,44,45,51,41,45,27,72,46.25,71,72,73,74,77,78,79,80,81,85,86,87,88,5,10,6,7,4,12,13,21
"C04","933000120138680","F","F421",111,121,130,122,117,184,151,157,154,159,136,156,173,186,10,19,11,6,73,40,46,43,48,25,45,62,75,51.75,74,75,76,77,80,81,82,83,84,88,89,90,91,41,38,38,39,6,11,11,26
"C05","933000120138406","F","F514",3,9,25,42,22,14,73,55,61,67,63,74,79,61,6,22,39,19,11,70,52,58,64,60,71,76,58,66.25,92,93,94,95,98,99,100,101,102,106,107,108,109,0,0,0,0,0,8,5,14
"C05","933000120138407","M","M567",0,1,1,2,2,2,4,7,27,30,52,8,0,0,1,1,2,2,2,4,7,27,30,52,8,0,0,15,93,94,95,96,99,100,101,102,103,107,108,109,110,2,1,0,1,1,2,4,2
"C05","933000120138409","M","M568",0,1,0,2,2,0,0,0,0,0,1,1,1,0,1,0,2,2,0,0,0,0,0,1,1,1,0,0.75,90,91,92,93,96,97,98,99,100,104,105,106,107,0,1,0,0.333333333333333,0,0,0,1
"C05","933000120138410","F","F518",104,87,103,102,110,108,101,111,111,130,145,151,135,81,-17,-1,-2,6,4,-3,7,7,26,41,47,31,-23,24,93,94,95,96,99,100,101,102,103,107,108,109,110,9,18,22,16.3333333333333,5,12,12,9
"C05","933000120138411","F","F515",80,97,100,112,102,97,115,110,126,115,106,121,126,128,17,20,32,22,17,35,30,46,35,26,41,46,48,40.25,94,95,96,97,100,101,102,103,104,108,109,110,111,0,1,0,0.333333333333333,2,13,2,NA
"C05","933000120138412","F","F511",106,88,97,99,105,94,97,105,101,106,84,80,85,100,-18,-9,-7,-1,-12,-9,-1,-5,0,-22,-26,-21,-6,-18.75,94,95,96,97,100,101,102,103,104,108,109,110,111,NA,37,36,36.5,10,10,10,6
"C05","933000120138414","M","M563",3,0,0,1,0,0,0,0,0,0,1,0,1,1,-3,-3,-2,-3,-3,-3,-3,-3,-3,-2,-3,-2,-2,-2.25,92,93,94,95,98,99,100,101,102,106,107,108,109,0,0,0,0,0,0,0,2
"C05","933000120138415","M","M561",62,62,63,82,86,72,68,64,71,80,87,83,89,91,0,1,20,24,10,6,2,9,18,25,21,27,29,25.5,94,95,96,97,100,101,102,103,104,108,109,110,111,25,25,11,20.3333333333333,7,14,13,16
"C05","933000120138417","M","M564",7,17,24,22,17,15,8,1,2,3,15,16,12,24,10,17,15,10,8,1,-6,-5,-4,8,9,5,17,9.75,92,93,94,95,98,99,100,101,102,106,107,108,109,3,4,1,2.66666666666667,2,12,1,6
"C05","933000120138420","M","M562",100,93,60,97,108,91,90,87,91,98,110,107,105,119,-7,-40,-3,8,-9,-10,-13,-9,-2,10,7,5,19,10.25,94,95,96,97,100,101,102,103,104,108,109,110,111,26,26,1,17.6666666666667,12,12,13,3
"C05","933000120138424","F","F508",102,96,96,100,104,88,96,108,97,113,98,89,95,95,-6,-6,-2,2,-14,-6,6,-5,11,-4,-13,-7,-7,-7.75,94,95,96,97,100,101,102,103,104,108,109,110,111,13,34,35,27.3333333333333,14,10,11,24
"C05","933000120138427","M","M565",0,5,27,64,81,72,72,76,78,83,83,90,86,80,5,27,64,81,72,72,76,78,83,83,90,86,80,84.75,94,95,96,97,100,101,102,103,104,108,109,110,111,0,1,0,0.333333333333333,0,8,12,15
"C05","933000120138432","F","F516",NA,0,0,0,NA,NA,NA,NA,NA,NA,0,0,0,0,NA,NA,NA,NA,NA,NA,NA,NA,NA,NA,NA,NA,NA,NA,81,82,83,84,87,88,89,90,91,95,96,97,98,1,0,0,0.333333333333333,NA,NA,NA,NA
"C05","933000120138434","M","M566",0,0,1,0,0,2,1,1,1,0,0,1,0,1,0,1,0,0,2,1,1,1,0,0,1,0,1,0.5,82,83,84,85,88,89,90,91,92,96,97,98,99,0,0,0,0,0,0,0,1
"C05","933000120138436","M","M570",3,3,2,1,37,56,36,63,32,97,99,112,107,109,0,-1,-2,34,53,33,60,29,94,96,109,104,106,103.75,85,86,87,88,91,92,93,94,95,99,100,101,102,1,1,0,0.666666666666667,1,12,13,8
"C05","933000120138437","M","M580",6,16,14,10,18,11,12,15,11,6,70,75,78,96,10,8,4,12,5,6,9,5,0,64,69,72,90,73.75,84,85,86,87,90,91,92,93,94,98,99,100,101,0,1,1,0.666666666666667,2,10,11,2
"C05","933000120138440","F","F530",3,11,118,100,125,117,148,175,132,179,162,156,159,91,8,115,97,122,114,145,172,129,176,159,153,156,88,139,82,83,84,85,88,89,90,91,92,96,97,98,99,1,0,0,0.333333333333333,1,11,14,6
"C05","933000120138447","F","F529",11,59,62,0,88,82,114,139,99,60,124,165,121,176,48,51,-11,77,71,103,128,88,49,113,154,110,165,135.5,82,83,84,85,88,89,90,91,92,96,97,98,99,3,3,1,2.33333333333333,2,11,16,29
"C05","933000120138454","F","F527",7,8,17,83,95,80,91,107,113,106,110,119,131,126,1,10,76,88,73,84,100,106,99,103,112,124,119,114.5,85,86,87,88,91,92,93,94,95,99,100,101,102,1,3,1,1.66666666666667,0,12,8,14
"C05","933000120138455","M","M579",5,7,1,3,3,1,1,0,0,2,0,0,0,1,2,-4,-2,-2,-4,-4,-5,-5,-3,-5,-5,-5,-4,-4.75,84,85,86,87,90,91,92,93,94,98,99,100,101,1,2,1,1.33333333333333,2,0,1,3
"C05","933000120138494","F","F501",123,77,91,137,116,119,157,150,156,185,114,122,161,133,-46,-32,14,-7,-4,34,27,33,62,-9,-1,38,10,9.5,95,96,97,98,101,102,103,104,105,109,110,111,112,45,38,50,44.3333333333333,8,13,14,16
"C05","933000120138496","F","F502",7,6,7,16,23,38,30,22,17,14,12,9,17,5,-1,0,9,16,31,23,15,10,7,5,2,10,-2,3.75,95,96,97,98,101,102,103,104,105,109,110,111,112,0,0,1,0.333333333333333,1,1,1,0
"C05","933000120138500","M","M552",7,7,4,3,3,1,2,1,1,4,17,3,2,1,0,-3,-4,-4,-6,-5,-6,-6,-3,10,-4,-5,-6,-1.25,95,96,97,98,101,102,103,104,105,109,110,111,112,0,1,2,1,1,0,0,2
"C05","933000120138504","M","M551",24,5,1,0,0,1,3,9,3,3,59,11,17,5,-19,-23,-24,-24,-23,-21,-15,-21,-21,35,-13,-7,-19,-1,95,96,97,98,101,102,103,104,105,109,110,111,112,2,3,1,2,0,1,9,8
"C05","933000120138607","F","F512",83,95,100,98,102,89,80,76,75,64,35,12,48,19,12,17,15,19,6,-3,-7,-8,-19,-48,-71,-35,-64,-54.5,95,96,97,98,101,102,103,104,105,109,110,111,112,26,19,17,20.6666666666667,9,0,2,8
"C05","933000120138609","M","M558",2,6,2,4,2,1,4,1,1,1,2,3,6,2,4,0,2,0,-1,2,-1,-1,-1,0,1,4,0,1.25,95,96,97,98,101,102,103,104,105,109,110,111,112,1,0,0,0.333333333333333,1,4,4,4
"C05","933000120138611","F","F509",43,26,11,15,56,42,22,50,32,36,39,42,54,31,-17,-32,-28,13,-1,-21,7,-11,-7,-4,-1,11,-12,-1.5,95,96,97,98,101,102,103,104,105,109,110,111,112,1,1,0,0.666666666666667,1,0,7,11
"C05","933000120138615","M","M557",31,28,39,52,75,69,70,78,74,79,86,102,92,93,-3,8,21,44,38,39,47,43,48,55,71,61,62,62.25,95,96,97,98,101,102,103,104,105,109,110,111,112,6,8,8,7.33333333333333,4,7,9,7
"C05","933000120138616","M","M559",46,48,50,67,86,29,79,83,92,84,103,98,100,100,2,4,21,40,-17,33,37,46,38,57,52,54,54,54.25,95,96,97,98,101,102,103,104,105,109,110,111,112,11,13,9,11,7,12,12,5
"C05","933000120138623","F","F507",118,93,93,50,92,91,95,95,90,0,0,0,0,0,-25,-25,-68,-26,-27,-23,-23,-28,-118,-118,-118,-118,-118,-118,95,96,97,98,101,102,103,104,105,109,110,111,112,37,44,41,40.6666666666667,9,NA,NA,NA
"C05","933000120138627","M","M560",7,9,6,7,6,3,2,3,2,2,3,1,4,1,2,-1,0,-1,-4,-5,-4,-5,-5,-4,-6,-3,-6,-4.75,95,96,97,98,101,102,103,104,105,109,110,111,112,3,3,1,2.33333333333333,1,1,2,4
"C05","933000120138630","F","F510",6,3,6,6,10,10,10,13,9,11,10,8,7,6,-3,0,0,4,4,4,7,3,5,4,2,1,0,1.75,95,96,97,98,101,102,103,104,105,109,110,111,112,2,0,1,1,1,0,3,2
"C05","933000120138682","F","F504",46,45,34,36,2,9,26,26,29,28,20,14,5,16,-1,-12,-10,-44,-37,-20,-20,-17,-18,-26,-32,-41,-30,-32.25,95,96,97,98,101,102,103,104,105,109,110,111,112,5,2,2,3,2,5,5,1
"C05","933000120138684","F","F506",100,110,104,108,121,108,121,121,116,122,115,109,116,115,10,4,8,21,8,21,21,16,22,15,9,16,15,13.75,95,96,97,98,101,102,103,104,105,109,110,111,112,32,31,33,32,10,10,10,8
"C05","933000120138686","F","F505",75,74,77,110,117,104,110,117,117,104,107,107,117,105,-1,2,35,42,29,35,42,42,29,32,32,42,30,34,95,96,97,98,101,102,103,104,105,109,110,111,112,18,11,15,14.6666666666667,9,11,8,35
"C05","933000120138687","F","F532",21,37,25,46,63,64,80,89,87,89,96,107,107,113,16,4,25,42,43,59,68,66,68,75,86,86,92,84.75,96,97,98,99,102,103,104,105,106,110,111,112,113,22,17,24,21,2,9,10,30
"C05","933000120138689","M","M554",4,5,2,1,1,3,0,1,4,71,92,71,73,48,1,-2,-3,-3,-1,-4,-3,0,67,88,67,69,44,67,95,96,97,98,101,102,103,104,105,109,110,111,112,1,0,0,0.333333333333333,0,7,15,5
"C05","933000120138690","F","F503",102,112,149,131,141,115,125,118,131,144,121,153,151,163,10,47,29,39,13,23,16,29,42,19,51,49,61,45,95,96,97,98,101,102,103,104,105,109,110,111,112,26,12,19,19,11,16,16,18
"C05","933000120138696","M","M555",32,32,3,3,56,15,29,19,6,43,10,10,85,85,0,-29,-29,24,-17,-3,-13,-26,11,-22,-22,53,53,15.5,95,96,97,98,101,102,103,104,105,109,110,111,112,1,1,0,0.666666666666667,1,11,9,0
"C05","933000120138698","M","M556",17,9,4,14,16,10,5,5,4,3,7,8,4,71,-8,-13,-3,-1,-7,-12,-12,-13,-14,-10,-9,-13,54,5.5,95,96,97,98,101,102,103,104,105,109,110,111,112,0,1,0,0.333333333333333,1,16,11,5
"C05","933000120138700","M","M553",0,0,0,0,1,0,0,1,0,0,1,4,2,1,0,0,0,1,0,0,1,0,0,1,4,2,1,2,95,96,97,98,101,102,103,104,105,109,110,111,112,0,0,1,0.333333333333333,0,0,6,0
"C05","933000120138707","F","F528",46,141,141,239,21,16,134,147,132,132,134,138,145,153,95,95,193,-25,-30,88,101,86,86,88,92,99,107,96.5,92,93,94,95,98,99,100,101,102,106,107,108,109,35,67,49,50.3333333333333,10,12,13,22
"C05","933000120138708","M","M572",1,1,1,1,3,3,4,2,2,2,10,34,69,44,0,0,0,2,2,3,1,1,1,9,33,68,43,38.25,91,92,93,94,97,98,99,100,101,105,106,107,108,1,1,1,1,1,3,10,7
"C05","933000120138711","F","F521",27,32,10,4,6,6,2,9,2,30,26,63,33,13,5,-17,-23,-21,-21,-25,-18,-25,3,-1,36,6,-14,6.75,90,91,92,93,96,97,98,99,100,104,105,106,107,3,1,2,2,2,6,7,NA
"C05","933000120138712","F","F519",54,73,64,89,129,106,109,123,122,37,26,118,27,42,19,10,35,75,52,55,69,68,-17,-28,64,-27,-12,-0.75,91,92,93,94,97,98,99,100,101,105,106,107,108,2,2,1,1.66666666666667,2,13,9,6
"C05","933000120138715","F","F522",3,1,3,2,6,8,5,28,98,128,100,109,108,43,-2,0,-1,3,5,2,25,95,125,97,106,105,40,87,90,91,92,93,96,97,98,99,100,104,105,106,107,1,1,0,0.666666666666667,0,NA,13,1
"C05","933000120138717","M","M571",60,100,94,67,121,109,107,108,121,16,129,132,145,138,40,34,7,61,49,47,48,61,-44,69,72,85,78,76,91,92,93,94,97,98,99,100,101,105,106,107,108,2,1,0,1,2,10,9,5
"C05","933000120138718","M","M574",8,13,9,14,5,4,2,5,2,6,4,9,7,2,5,1,6,-3,-4,-6,-3,-6,-2,-4,1,-1,-6,-2.5,90,91,92,93,96,97,98,99,100,104,105,106,107,5,2,2,3,2,2,2,2
"C05","933000120138722","F","F520",56,52,102,95,147,144,148,145,151,156,182,173,177,47,-4,46,39,91,88,92,89,95,100,126,117,121,-9,88.75,91,92,93,94,97,98,99,100,101,105,106,107,108,2,5,1,2.66666666666667,2,11,14,23
"C05","933000120138724","M","M569",22,12,16,5,8,9,4,12,5,2,17,20,20,3,-10,-6,-17,-14,-13,-18,-10,-17,-20,-5,-2,-2,-19,-7,92,93,94,95,98,99,100,101,102,106,107,108,109,11,12,4,9,3,2,7,8
"C05","933000120138726","F","F517",8,9,14,12,18,12,9,6,10,26,24,28,44,14,1,6,4,10,4,1,-2,2,18,16,20,36,6,19.5,90,91,92,93,96,97,98,99,100,104,105,106,107,4,1,1,2,1,NA,NA,NA
"C05","933000120138730","M","M573",15,22,7,11,11,7,10,8,11,11,65,46,60,105,7,-8,-4,-4,-8,-5,-7,-4,-4,50,31,45,90,54,90,91,92,93,96,97,98,99,100,104,105,106,107,0,1,1,0.666666666666667,2,11,13,13
"C05","933000120138732","F","F525",242,150,42,109,105,95,98,112,74,77,97,93,8,NA,-92,-200,-133,-137,-147,-144,-130,-168,-165,-145,-149,-234,NA,-176,85,86,87,88,91,92,93,94,95,99,100,101,102,25,23,41,29.6666666666667,7,NA,NA,NA
"C05","933000120138734","M","M576",39,46,14,50,48,63,47,52,49,71,71,78,87,98,7,-25,11,9,24,8,13,10,32,32,39,48,59,44.5,90,91,92,93,96,97,98,99,100,104,105,106,107,0,6,2,2.66666666666667,1,8,10,14
"C05","933000120138736","M","M578",119,109,122,143,132,128,131,147,165,162,199,195,206,276,-10,3,24,13,9,12,28,46,43,80,76,87,157,100,86,87,88,89,92,93,94,95,96,100,101,102,103,2,3,7,4,6,10,12,5
"C05","933000120138743","F","F524",9,5,47,33,21,38,15,36,15,51,108,62,74,77,-4,38,24,12,29,6,27,6,42,99,53,65,68,71.25,90,91,92,93,96,97,98,99,100,104,105,106,107,1,2,2,1.66666666666667,1,11,11,9
"C05","933000120138744","M","M577",21,24,16,51,97,98,112,107,106,120,138,136,126,141,3,-5,30,76,77,91,86,85,99,117,115,105,120,114.25,85,86,87,88,91,92,93,94,95,99,100,101,102,0,1,0,0.333333333333333,0,10,12,7
"C05","933000120138748","F","F526",4,39,36,119,117,128,94,143,123,123,87,114,116,113,35,32,115,113,124,90,139,119,119,83,110,112,109,103.5,86,87,88,89,92,93,94,95,96,100,101,102,103,0,0,0,0,0,6,16,10
"C05","933000120138750","M","M575",60,42,65,86,90,85,81,91,90,93,111,115,122,124,-18,5,26,30,25,21,31,30,33,51,55,62,64,58,90,91,92,93,96,97,98,99,100,104,105,106,107,4,7,6,5.66666666666667,4,9,7,1
"C05","933000120138754","F","F523",51,41,38,37,40,30,18,37,30,15,20,74,14,0,-10,-13,-14,-11,-21,-33,-14,-21,-36,-31,23,-37,-51,-24,90,91,92,93,96,97,98,99,100,104,105,106,107,17,14,10,13.6666666666667,8,4,12,14
"C07","933000320045652","F","F729",11,33,9,9,72,53,40,14,41,82,79,73,84,101,22,-2,-2,61,42,29,3,30,71,68,62,73,90,73.25,85,86,87,88,91,92,93,94,95,100,101,102,105,1,1,2,1.33333333333333,1,15,14,8
"C07","933000320045653","F","F723",118,125,115,117,130,119,125,125,123,116,121,135,130,138,7,-3,-1,12,1,7,7,5,-2,3,17,12,20,13,85,86,87,88,91,92,93,94,95,100,101,102,105,58,49,45,50.6666666666667,11,13,9,15
"C07","933000320045657","M","M755",51,62,84,69,91,94,92,95,94,88,87,90,93,80,11,33,18,40,43,41,44,43,37,36,39,42,29,36.5,85,86,87,88,91,92,93,94,95,100,101,102,105,0,1,0,0.333333333333333,0,13,15,11
"C07","933000320045659","M","M761",26,10,24,12,18,49,9,90,20,85,78,69,85,105,-16,-2,-14,-8,23,-17,64,-6,59,52,43,59,79,58.25,85,86,87,88,91,92,93,94,95,100,101,102,105,9,5,2,5.33333333333333,2,8,11,7
"C07","933000320045660","M","M775",79,104,103,106,100,104,108,109,102,92,92,98,109,104,25,24,27,21,25,29,30,23,13,13,19,30,25,21.75,84,85,86,87,90,91,92,93,94,99,100,101,104,22,47,37,35.3333333333333,12,12,13,10
"C07","933000320045661","F","F728",75,77,71,68,87,80,80,70,88,46,88,85,105,105,2,-4,-7,12,5,5,-5,13,-29,13,10,30,30,20.75,84,85,86,87,90,91,92,93,94,99,100,101,104,16,31,28,25,7,10,13,6
"C07","933000320045667","F","F730",61,67,57,64,113,92,100,99,92,94,90,96,80,88,6,-4,3,52,31,39,38,31,33,29,35,19,27,27.5,85,86,87,88,91,92,93,94,95,100,101,102,105,38,32,34,34.6666666666667,8,18,15,12
"C07","933000320045670","M","M774",3,3,4,8,7,32,23,26,21,17,18,22,17,24,0,1,5,4,29,20,23,18,14,15,19,14,21,17.25,85,86,87,88,91,92,93,94,95,100,101,102,105,0,0,0,0,0,0,11,3
"C07","933000320045671","F","F713",94,89,93,87,93,99,109,107,111,92,85,88,89,84,-5,-1,-7,-1,5,15,13,17,-2,-9,-6,-5,-10,-7.5,85,86,87,88,91,92,93,94,95,100,101,102,105,35,44,44,41,9,12,1,10
"C07","933000320045672","M","M767",41,56,77,60,87,79,95,103,115,127,99,116,104,103,15,36,19,46,38,54,62,74,86,58,75,63,62,64.5,85,86,87,88,91,92,93,94,95,100,101,102,105,2,2,1,1.66666666666667,1,16,15,5
"C07","933000320045674","M","M762",115,85,73,61,78,69,71,94,84,92,83,60,40,85,-30,-42,-54,-37,-46,-44,-21,-31,-23,-32,-55,-75,-30,-48,85,86,87,88,91,92,93,94,95,100,101,102,105,49,54,49,50.6666666666667,5,14,19,23
"C07","933000320045675","F","F727",110,111,85,81,112,97,99,94,101,113,102,79,42,98,1,-25,-29,2,-13,-11,-16,-9,3,-8,-31,-68,-12,-29.75,84,85,86,87,90,91,92,93,94,99,100,101,104,33,29,23,28.3333333333333,9,1,1,8
"C07","933000320045735","M","M772",12,15,14,4,14,22,6,7,6,8,6,10,13,7,3,2,-8,2,10,-6,-5,-6,-4,-6,-2,1,-5,-3,89,90,91,92,95,96,97,98,99,104,105,106,109,2,3,2,2.33333333333333,2,2,1,2
"C07","933000320045736","F","F716",12,21,48,55,69,81,74,73,86,83,75,71,62,91,9,36,43,57,69,62,61,74,71,63,59,50,79,62.75,90,91,92,93,96,97,98,99,100,105,106,107,110,0,1,2,1,0,13,12,5
"C07","933000320045740","F","F715",2,2,12,14,30,46,80,58,55,42,65,71,108,58,0,10,12,28,44,78,56,53,40,63,69,106,56,73.5,89,90,91,92,95,96,97,98,99,104,105,106,109,0,0,0,0,1,5,3,0
"C07","933000320045744","M","M771",115,123,125,110,127,116,111,129,128,136,128,125,110,105,8,10,-5,12,1,-4,14,13,21,13,10,-5,-10,2,90,91,92,93,96,97,98,99,100,105,106,107,110,29,37,32,32.6666666666667,8,13,15,23
"C07","933000320045777","F","F705",6,8,6,14,11,5,42,118,149,184,218,146,163,89,2,0,8,5,-1,36,112,143,178,212,140,157,83,148,90,91,92,93,96,97,98,99,100,105,106,107,110,0,0,1,0.333333333333333,2,8,6,7
"C07","933000320045778","M","M765",100,106,109,104,119,106,116,122,123,119,116,124,114,113,6,9,4,19,6,16,22,23,19,16,24,14,13,16.75,90,91,92,93,96,97,98,99,100,105,106,107,110,39,37,34,36.6666666666667,14,16,18,27
"C07","933000320045781","F","F703",100,89,92,105,106,110,113,100,103,111,120,120,121,116,-11,-8,5,6,10,13,0,3,11,20,20,21,16,19.25,90,91,92,93,96,97,98,99,100,105,106,107,110,11,16,14,13.6666666666667,5,6,7,4
"C07","933000320045784","M","M766",58,63,64,72,95,103,108,103,25,116,110,113,110,93,5,6,14,37,45,50,45,-33,58,52,55,52,35,48.5,91,92,93,94,97,98,99,100,101,106,107,108,111,3,8,2,4.33333333333333,4,14,14,4
"C07","933000320045785","M","M779",4,4,2,3,6,22,26,77,7,112,100,103,64,95,0,-2,-1,2,18,22,73,3,108,96,99,60,91,86.5,91,92,93,94,97,98,99,100,101,106,107,108,111,2,1,1,1.33333333333333,1,11,1,4
"C07","933000320045787","F","F706",2,0,0,0,0,0,0,1,0,1,3,0,1,1,-2,-2,-2,-2,-2,-2,-1,-2,-1,1,-2,-1,-1,-0.75,90,91,92,93,96,97,98,99,100,105,106,107,110,0,0,0,0,0,1,0,0
"C07","933000320045788","M","M780",36,12,10,8,13,10,15,23,2,13,1,9,7,23,-24,-26,-28,-23,-26,-21,-13,-34,-23,-35,-27,-29,-13,-26,90,91,92,93,96,97,98,99,100,105,106,107,110,6,10,5,7,2,1,0,4
"C07","933000320045791","M","M777",33,35,29,16,48,71,36,37,33,75,58,61,105,112,2,-4,-17,15,38,3,4,0,42,25,28,72,79,51,90,91,92,93,96,97,98,99,100,105,106,107,110,2,2,2,2,2,9,9,5
"C07","933000320045792","F","F704",5,4,3,79,39,101,122,157,53,174,118,48,121,254,-1,-2,74,34,96,117,152,48,169,113,43,116,249,130.25,90,91,92,93,96,97,98,99,100,105,106,107,110,5,2,0,2.33333333333333,2,3,0,8
"C07","933000320045793","F","F712",85,117,69,81,35,119,112,111,94,77,58,51,58,68,32,-16,-4,-50,34,27,26,9,-8,-27,-34,-27,-17,-26.25,91,92,93,94,97,98,99,100,101,106,107,108,111,28,19,31,26,7,9,0,7
"C07","933000320045794","F","F711",4,23,8,60,59,94,84,109,121,111,126,126,142,141,19,4,56,55,90,80,105,117,107,122,122,138,137,129.75,91,92,93,94,97,98,99,100,101,106,107,108,111,0,0,2,0.666666666666667,0,9,9,10
"C07","933000320045799","M","M778",22,36,50,59,76,83,97,82,74,80,73,68,67,80,14,28,37,54,61,75,60,52,58,51,46,45,58,50,90,91,92,93,96,97,98,99,100,105,106,107,110,4,3,2,3,2,0,0,3
"C07","933000320045978","F","F707",0,0,0,0,NA,0,0,0,0,0,0,0,0,0,0,0,0,NA,0,0,0,0,0,0,0,0,0,0,92,93,94,95,98,99,100,101,102,107,108,109,112,0,0,0,0,0,0,0,0
"C07","933000320045988","F","F708",77,77,89,88,88,83,92,92,80,101,76,83,85,83,0,12,11,11,6,15,15,3,24,-1,6,8,6,4.75,92,93,94,95,98,99,100,101,102,107,108,109,112,38,36,35,36.3333333333333,15,18,19,6
"C07","933000320045990","M","M764",1,34,9,25,77,96,102,104,105,107,119,124,56,103,33,8,24,76,95,101,103,104,106,118,123,55,102,99.5,92,93,94,95,98,99,100,101,102,107,108,109,112,0,1,1,0.666666666666667,0,2,12,4
"C07","933000320045997","M","M763",43,54,52,74,88,91,66,72,82,101,106,78,47,93,11,9,31,45,48,23,29,39,58,63,35,4,50,38,92,93,94,95,98,99,100,101,102,107,108,109,112,2,5,8,5,3,14,20,19
"C07","933000320046078","F","F725",89,70,78,70,89,88,86,97,100,103,90,100,95,98,-19,-11,-19,0,-1,-3,8,11,14,1,11,6,9,6.75,87,88,89,90,93,94,95,96,97,102,103,104,107,41,37,39,39,6,12,10,10
"C07","933000320046081","F","F726",0,0,1,0,1,0,1,0,1,0,4,44,59,20,0,1,0,1,0,1,0,1,0,4,44,59,20,31.75,87,88,89,90,93,94,95,96,97,102,103,104,107,1,0,1,0.666666666666667,0,1,0,1
"C07","933000320046086","F","F717",6,4,62,102,106,120,108,125,122,130,132,124,120,65,-2,56,96,100,114,102,119,116,124,126,118,114,59,104.25,88,89,90,91,94,95,96,97,98,103,104,105,108,1,1,2,1.33333333333333,2,12,15,3
"C07","933000320046088","M","M752",4,6,5,2,11,9,9,5,10,11,4,3,2,6,2,1,-2,7,5,5,1,6,7,0,-1,-2,2,-0.25,87,88,89,90,93,94,95,96,97,102,103,104,107,2,2,4,2.66666666666667,2,2,2,2
"C07","933000320046092","M","M773",27,56,62,75,94,98,98,110,121,102,92,118,123,116,29,35,48,67,71,71,83,94,75,65,91,96,89,85.25,88,89,90,91,94,95,96,97,98,103,104,105,108,0,0,0,0,0,14,15,14
"C07","933000320046093","F","F718",31,41,28,25,20,24,45,30,71,64,75,66,96,82,10,-3,-6,-11,-7,14,-1,40,33,44,35,65,51,48.75,89,90,91,92,95,96,97,98,99,104,105,106,109,0,0,0,0,0,1,8,2
"C07","933000320046099","M","M751",6,8,9,37,73,50,85,66,97,105,95,100,104,109,2,3,31,67,44,79,60,91,99,89,94,98,103,96,87,88,89,90,93,94,95,96,97,102,103,104,107,0,0,0,0,0,19,20,9
"C07","933000320046127","F","F721",59,94,48,61,55,39,50,35,66,37,67,77,61,34,35,-11,2,-4,-20,-9,-24,7,-22,8,18,2,-25,0.75,81,82,83,84,87,88,89,90,91,96,97,98,101,35,23,35,31,10,11,10,10
"C07","933000320046129","F","F722",47,65,70,123,128,46,17,48,46,2,0,7,8,0,18,23,76,81,-1,-30,1,-1,-45,-47,-40,-39,-47,-43.25,81,82,83,84,87,88,89,90,91,96,97,98,101,1,0,4,1.66666666666667,0,0,0,0
"C07","933000320046131","M","M770",90,76,80,79,78,78,88,94,96,89,82,84,89,87,-14,-10,-11,-12,-12,-2,4,6,-1,-8,-6,-1,-3,-4.5,82,83,84,85,88,89,90,91,92,97,98,99,102,32,30,27,29.6666666666667,8,13,13,15
"C07","933000320046135","M","M757",16,25,33,32,26,12,16,23,29,35,44,36,19,33,9,17,16,10,-4,0,7,13,19,28,20,3,17,17,83,84,85,86,89,90,91,92,93,98,99,100,103,12,3,1,5.33333333333333,1,7,10,7
"C07","933000320046141","M","M753",0,0,NA,0,0,0,0,0,NA,NA,0,0,0,0,0,NA,0,0,0,0,0,NA,NA,0,0,0,0,0,81,82,83,84,87,88,89,90,91,96,97,98,101,0,0,0,0,0,0,0,0
"C07","933000320046143","F","F724",14,4,82,32,89,72,55,34,13,70,134,86,48,123,-10,68,18,75,58,41,20,-1,56,120,72,34,109,83.75,82,83,84,85,88,89,90,91,92,97,98,99,102,4,4,2,3.33333333333333,3,1,10,4
"C07","933000320046144","M","M754",9,12,14,26,12,11,14,47,50,65,70,76,81,70,3,5,17,3,2,5,38,41,56,61,67,72,61,65.25,81,82,83,84,87,88,89,90,91,96,97,98,101,0,5,3,2.66666666666667,2,10,10,14
"C07","933000320046148","M","M756",2,2,7,3,18,25,67,95,91,91,96,105,107,107,0,5,1,16,23,65,93,89,89,94,103,105,105,101.75,89,90,91,92,95,96,97,98,99,104,105,106,109,1,1,0,0.666666666666667,0,15,16,4
"C07","933000320046376","F","F720",2,2,4,1,1,44,45,65,114,61,126,183,92,130,0,2,-1,-1,42,43,63,112,59,124,181,90,128,130.75,83,84,85,86,89,90,91,92,93,98,99,100,103,0,0,0,0,0,3,14,17
"C07","933000320046377","F","F710",112,115,120,109,139,127,133,145,139,137,129,127,128,190,3,8,-3,27,15,21,33,27,25,17,15,16,78,31.5,82,83,84,85,88,89,90,91,92,97,98,99,102,34,32,30,32,11,10,5,14
"C07","933000320046379","M","M769",25,22,20,17,15,23,16,43,23,45,77,85,68,52,-3,-5,-8,-10,-2,-9,18,-2,20,52,60,43,27,45.5,82,83,84,85,88,89,90,91,92,97,98,99,102,16,13,10,13,3,9,12,9
"C07","933000320046382","F","F709",109,104,105,109,104,112,113,116,119,113,128,127,106,101,-5,-4,0,-5,3,4,7,10,4,19,18,-3,-8,6.5,82,83,84,85,88,89,90,91,92,97,98,99,102,41,48,46,45,12,14,12,10
"C07","933000320046390","M","M758",23,28,27,18,10,15,17,31,16,32,40,37,56,47,5,4,-5,-13,-8,-6,8,-7,9,17,14,33,24,22,83,84,85,86,89,90,91,92,93,98,99,100,103,5,4,2,3.66666666666667,3,2,9,1
"C07","933000320046393","F","F719",127,113,96,120,125,122,124,110,120,120,116,119,116,117,-14,-31,-7,-2,-5,-3,-17,-7,-7,-11,-8,-11,-10,-10,83,84,85,86,89,90,91,92,93,98,99,100,103,34,45,46,41.6666666666667,12,15,11,12
"C07","933000320046397","M","M776",87,81,114,109,93,83,57,71,96,94,82,103,102,105,-6,27,22,6,-4,-30,-16,9,7,-5,16,15,18,11,83,84,85,86,89,90,91,92,93,98,99,100,103,5,6,6,5.66666666666667,5,12,10,2
"C07","933000320046605","F","F701",140,112,121,122,151,129,139,145,155,155,142,158,148,136,-28,-19,-18,11,-11,-1,5,15,15,2,18,8,-4,6,85,86,87,88,91,92,93,94,95,100,101,102,105,29,46,50,41.6666666666667,11,19,17,19
"C07","933000320046608","F","F714",10,22,58,43,9,82,25,32,25,34,21,8,13,33,12,48,33,-1,72,15,22,15,24,11,-2,3,23,8.75,86,87,88,89,92,93,94,95,96,101,102,103,106,1,1,4,2,3,2,2,1
"C07","933000320046609","M","M759",140,114,111,116,124,108,103,126,117,109,108,112,115,108,-26,-29,-24,-16,-32,-37,-14,-23,-31,-32,-28,-25,-32,-29.25,85,86,87,88,91,92,93,94,95,100,101,102,105,43,45,43,43.6666666666667,14,12,12,21
"C07","933000320046611","M","M768",2,2,0,0,0,0,0,0,0,1,1,0,0,0,0,-2,-2,-2,-2,-2,-2,-2,-1,-1,-2,-2,-2,-1.75,86,87,88,89,92,93,94,95,96,101,102,103,106,1,0,0,0.333333333333333,1,0,1,0
"C07","933000320046613","F","F702",2,2,2,5,7,31,40,28,22,68,77,92,128,161,0,0,3,5,29,38,26,20,66,75,90,126,159,112.5,85,86,87,88,91,92,93,94,95,100,101,102,105,1,0,3,1.33333333333333,2,12,3,10
"C07","933000320046615","M","M760",103,103,104,99,108,104,115,118,108,48,109,119,114,118,0,1,-4,5,1,12,15,5,-55,6,16,11,15,12,86,87,88,89,92,93,94,95,96,101,102,103,106,17,25,17,19.6666666666667,7,11,16,2
"C01","933000120117322","M","M62",NA,NA,NA,NA,NA,NA,NA,NA,NA,NA,NA,NA,NA,NA,NA,NA,NA,NA,NA,NA,NA,NA,NA,NA,NA,NA,NA,NA,NA,NA,NA,NA,NA,NA,NA,NA,NA,NA,NA,NA,NA,2,2,2,2,0,NA,NA,NA
"C02","933000120138298","M","M178",NA,NA,NA,NA,NA,NA,NA,NA,NA,NA,NA,NA,NA,NA,NA,NA,NA,NA,NA,NA,NA,NA,NA,NA,NA,NA,NA,NA,NA,NA,NA,NA,NA,NA,NA,NA,NA,NA,NA,NA,NA,9,14,8,10.3333333333333,3,NA,NA,NA
"C02","933000120138353","F","F82",NA,NA,NA,NA,NA,NA,NA,NA,NA,NA,NA,NA,NA,NA,NA,NA,NA,NA,NA,NA,NA,NA,NA,NA,NA,NA,NA,NA,NA,NA,NA,NA,NA,NA,NA,NA,NA,NA,NA,NA,NA,4,9,5,6,4,NA,NA,NA
"C04","933000120138393","M","M465",NA,NA,NA,NA,NA,NA,NA,NA,NA,NA,NA,NA,NA,NA,NA,NA,NA,NA,NA,NA,NA,NA,NA,NA,NA,NA,NA,NA,NA,NA,NA,NA,NA,NA,NA,NA,NA,NA,NA,NA,NA,14,17,14,15,6,NA,NA,NA
"C04","933000120138396","F","F418",NA,NA,NA,NA,NA,NA,NA,NA,NA,NA,NA,NA,NA,NA,NA,NA,NA,NA,NA,NA,NA,NA,NA,NA,NA,NA,NA,NA,NA,NA,NA,NA,NA,NA,NA,NA,NA,NA,NA,NA,NA,NA,NA,NA,NA,NA,NA,NA,NA
"C04","933000120138591","F","F402",NA,NA,NA,NA,NA,NA,NA,NA,NA,NA,NA,NA,NA,NA,NA,NA,NA,NA,NA,NA,NA,NA,NA,NA,NA,NA,NA,NA,NA,NA,NA,NA,NA,NA,NA,NA,NA,NA,NA,NA,NA,0,0,0,0,NA,NA,NA,NA
"C04","933000120138594","F","F407",NA,NA,NA,NA,NA,NA,NA,NA,NA,NA,NA,NA,NA,NA,NA,NA,NA,NA,NA,NA,NA,NA,NA,NA,NA,NA,NA,NA,NA,NA,NA,NA,NA,NA,NA,NA,NA,NA,NA,NA,NA,0,0,0,0,NA,NA,NA,NA
"C04","933000120138596","F","F420",NA,NA,NA,NA,NA,NA,NA,NA,NA,NA,NA,NA,NA,NA,NA,NA,NA,NA,NA,NA,NA,NA,NA,NA,NA,NA,NA,NA,NA,NA,NA,NA,NA,NA,NA,NA,NA,NA,NA,NA,NA,NA,NA,NA,NA,NA,NA,NA,NA
"C04","933000120138660","F","F404",NA,NA,NA,NA,NA,NA,NA,NA,NA,NA,NA,NA,NA,NA,NA,NA,NA,NA,NA,NA,NA,NA,NA,NA,NA,NA,NA,NA,NA,NA,NA,NA,NA,NA,NA,NA,NA,NA,NA,NA,NA,0,0,0,0,NA,NA,NA,NA
"C04","933000120138671","M","M464",NA,NA,NA,NA,NA,NA,NA,NA,NA,NA,NA,NA,NA,NA,NA,NA,NA,NA,NA,NA,NA,NA,NA,NA,NA,NA,NA,NA,NA,NA,NA,NA,NA,NA,NA,NA,NA,NA,NA,NA,NA,NA,NA,NA,NA,NA,NA,NA,NA
"C08","933000320046904","F","F819",NA,NA,NA,NA,NA,NA,NA,NA,NA,NA,NA,NA,NA,NA,NA,NA,NA,NA,NA,NA,NA,NA,NA,NA,NA,NA,NA,NA,NA,NA,NA,NA,NA,NA,NA,NA,NA,NA,NA,NA,NA,47,45,32,41.3333333333333,5,16,11,4
"C08","933000320046907","F","F817",NA,NA,NA,NA,NA,NA,NA,NA,NA,NA,NA,NA,NA,NA,NA,NA,NA,NA,NA,NA,NA,NA,NA,NA,NA,NA,NA,NA,NA,NA,NA,NA,NA,NA,NA,NA,NA,NA,NA,NA,NA,47,42,47,45.3333333333333,11,13,14,38
"C08","933000320046910","M","M856",NA,NA,NA,NA,NA,NA,NA,NA,NA,NA,NA,NA,NA,NA,NA,NA,NA,NA,NA,NA,NA,NA,NA,NA,NA,NA,NA,NA,NA,NA,NA,NA,NA,NA,NA,NA,NA,NA,NA,NA,NA,20,32,28,26.6666666666667,12,17,16,35
"C08","933000320046915","M","M860",NA,NA,NA,NA,NA,NA,NA,NA,NA,NA,NA,NA,NA,NA,NA,NA,NA,NA,NA,NA,NA,NA,NA,NA,NA,NA,NA,NA,NA,NA,NA,NA,NA,NA,NA,NA,NA,NA,NA,NA,NA,30,26,31,29,9,3,0,11
"C08","933000320046919","F","F809",NA,NA,NA,NA,NA,NA,NA,NA,NA,NA,NA,NA,NA,NA,NA,NA,NA,NA,NA,NA,NA,NA,NA,NA,NA,NA,NA,NA,NA,NA,NA,NA,NA,NA,NA,NA,NA,NA,NA,NA,NA,4,9,12,8.33333333333333,2,10,12,20
"C08","933000320046920","M","M857",NA,NA,NA,NA,NA,NA,NA,NA,NA,NA,NA,NA,NA,NA,NA,NA,NA,NA,NA,NA,NA,NA,NA,NA,NA,NA,NA,NA,NA,NA,NA,NA,NA,NA,NA,NA,NA,NA,NA,NA,NA,0,4,0,1.33333333333333,0,0,1,1
"C08","933000320046922","M","M855",NA,NA,NA,NA,NA,NA,NA,NA,NA,NA,NA,NA,NA,NA,NA,NA,NA,NA,NA,NA,NA,NA,NA,NA,NA,NA,NA,NA,NA,NA,NA,NA,NA,NA,NA,NA,NA,NA,NA,NA,NA,2,2,0,1.33333333333333,0,0,15,29
"C08","933000320046923","F","F816",NA,NA,NA,NA,NA,NA,NA,NA,NA,NA,NA,NA,NA,NA,NA,NA,NA,NA,NA,NA,NA,NA,NA,NA,NA,NA,NA,NA,NA,NA,NA,NA,NA,NA,NA,NA,NA,NA,NA,NA,NA,1,24,25,16.6666666666667,0,15,11,1
"C08","933000320047103","F","F802",NA,NA,NA,NA,NA,NA,NA,NA,NA,NA,NA,NA,NA,NA,NA,NA,NA,NA,NA,NA,NA,NA,NA,NA,NA,NA,NA,NA,NA,NA,NA,NA,NA,NA,NA,NA,NA,NA,NA,NA,NA,1,28,34,21,6,0,13,2
"C08","933000320047104","M","M854",NA,NA,NA,NA,NA,NA,NA,NA,NA,NA,NA,NA,NA,NA,NA,NA,NA,NA,NA,NA,NA,NA,NA,NA,NA,NA,NA,NA,NA,NA,NA,NA,NA,NA,NA,NA,NA,NA,NA,NA,NA,9,8,5,7.33333333333333,0,1,1,1
"C08","933000320047108","F","F810",NA,NA,NA,NA,NA,NA,NA,NA,NA,NA,NA,NA,NA,NA,NA,NA,NA,NA,NA,NA,NA,NA,NA,NA,NA,NA,NA,NA,NA,NA,NA,NA,NA,NA,NA,NA,NA,NA,NA,NA,NA,0,0,1,0.333333333333333,0,14,13,59
"C08","933000320047110","F","F815",NA,NA,NA,NA,NA,NA,NA,NA,NA,NA,NA,NA,NA,NA,NA,NA,NA,NA,NA,NA,NA,NA,NA,NA,NA,NA,NA,NA,NA,NA,NA,NA,NA,NA,NA,NA,NA,NA,NA,NA,NA,1,2,4,2.33333333333333,3,11,13,63
"C08","933000320047111","F","F813",NA,NA,NA,NA,NA,NA,NA,NA,NA,NA,NA,NA,NA,NA,NA,NA,NA,NA,NA,NA,NA,NA,NA,NA,NA,NA,NA,NA,NA,NA,NA,NA,NA,NA,NA,NA,NA,NA,NA,NA,NA,62,45,54,53.6666666666667,12,12,12,32
"C08","933000320047112","M","M875",NA,NA,NA,NA,NA,NA,NA,NA,NA,NA,NA,NA,NA,NA,NA,NA,NA,NA,NA,NA,NA,NA,NA,NA,NA,NA,NA,NA,NA,NA,NA,NA,NA,NA,NA,NA,NA,NA,NA,NA,NA,7,17,10,11.3333333333333,1,3,0,16
"C08","933000320047114","M","M852",NA,NA,NA,NA,NA,NA,NA,NA,NA,NA,NA,NA,NA,NA,NA,NA,NA,NA,NA,NA,NA,NA,NA,NA,NA,NA,NA,NA,NA,NA,NA,NA,NA,NA,NA,NA,NA,NA,NA,NA,NA,6,11,7,8,2,1,3,5
"C08","933000320047115","M","M858",NA,NA,NA,NA,NA,NA,NA,NA,NA,NA,NA,NA,NA,NA,NA,NA,NA,NA,NA,NA,NA,NA,NA,NA,NA,NA,NA,NA,NA,NA,NA,NA,NA,NA,NA,NA,NA,NA,NA,NA,NA,4,87,12,34.3333333333333,2,10,12,5
"C08","933000320047116","M","M859",NA,NA,NA,NA,NA,NA,NA,NA,NA,NA,NA,NA,NA,NA,NA,NA,NA,NA,NA,NA,NA,NA,NA,NA,NA,NA,NA,NA,NA,NA,NA,NA,NA,NA,NA,NA,NA,NA,NA,NA,NA,22,25,28,25,6,0,0,11
"C08","933000320047119","F","F829",NA,NA,NA,NA,NA,NA,NA,NA,NA,NA,NA,NA,NA,NA,NA,NA,NA,NA,NA,NA,NA,NA,NA,NA,NA,NA,NA,NA,NA,NA,NA,NA,NA,NA,NA,NA,NA,NA,NA,NA,NA,44,40,49,44.3333333333333,15,14,9,27
"C08","933000320047121","F","F820",NA,NA,NA,NA,NA,NA,NA,NA,NA,NA,NA,NA,NA,NA,NA,NA,NA,NA,NA,NA,NA,NA,NA,NA,NA,NA,NA,NA,NA,NA,NA,NA,NA,NA,NA,NA,NA,NA,NA,NA,NA,63,56,22,47,6,5,12,21
"C08","933000320047126","F","F812",NA,NA,NA,NA,NA,NA,NA,NA,NA,NA,NA,NA,NA,NA,NA,NA,NA,NA,NA,NA,NA,NA,NA,NA,NA,NA,NA,NA,NA,NA,NA,NA,NA,NA,NA,NA,NA,NA,NA,NA,NA,81,92,80,84.3333333333333,3,9,0,1
"C08","933000320047127","F","F822",NA,NA,NA,NA,NA,NA,NA,NA,NA,NA,NA,NA,NA,NA,NA,NA,NA,NA,NA,NA,NA,NA,NA,NA,NA,NA,NA,NA,NA,NA,NA,NA,NA,NA,NA,NA,NA,NA,NA,NA,NA,2,0,3,1.66666666666667,2,12,14,24
"C08","933000320047129","F","F811",NA,NA,NA,NA,NA,NA,NA,NA,NA,NA,NA,NA,NA,NA,NA,NA,NA,NA,NA,NA,NA,NA,NA,NA,NA,NA,NA,NA,NA,NA,NA,NA,NA,NA,NA,NA,NA,NA,NA,NA,NA,38,42,40,40,8,13,12,4
"C08","933000320047130","M","M862",NA,NA,NA,NA,NA,NA,NA,NA,NA,NA,NA,NA,NA,NA,NA,NA,NA,NA,NA,NA,NA,NA,NA,NA,NA,NA,NA,NA,NA,NA,NA,NA,NA,NA,NA,NA,NA,NA,NA,NA,NA,13,41,11,21.6666666666667,1,7,0,0
"C08","933000320047132","M","M867",NA,NA,NA,NA,NA,NA,NA,NA,NA,NA,NA,NA,NA,NA,NA,NA,NA,NA,NA,NA,NA,NA,NA,NA,NA,NA,NA,NA,NA,NA,NA,NA,NA,NA,NA,NA,NA,NA,NA,NA,NA,5,5,6,5.33333333333333,2,2,2,10
"C08","933000320047135","F","F826",NA,NA,NA,NA,NA,NA,NA,NA,NA,NA,NA,NA,NA,NA,NA,NA,NA,NA,NA,NA,NA,NA,NA,NA,NA,NA,NA,NA,NA,NA,NA,NA,NA,NA,NA,NA,NA,NA,NA,NA,NA,21,31,25,25.6666666666667,5,14,13,22
"C08","933000320047136","M","M864",NA,NA,NA,NA,NA,NA,NA,NA,NA,NA,NA,NA,NA,NA,NA,NA,NA,NA,NA,NA,NA,NA,NA,NA,NA,NA,NA,NA,NA,NA,NA,NA,NA,NA,NA,NA,NA,NA,NA,NA,NA,15,19,19,17.6666666666667,7,3,14,23
"C08","933000320047143","F","F827",NA,NA,NA,NA,NA,NA,NA,NA,NA,NA,NA,NA,NA,NA,NA,NA,NA,NA,NA,NA,NA,NA,NA,NA,NA,NA,NA,NA,NA,NA,NA,NA,NA,NA,NA,NA,NA,NA,NA,NA,NA,22,34,33,29.6666666666667,4,10,0,2
"C08","933000320047144","M","M861",NA,NA,NA,NA,NA,NA,NA,NA,NA,NA,NA,NA,NA,NA,NA,NA,NA,NA,NA,NA,NA,NA,NA,NA,NA,NA,NA,NA,NA,NA,NA,NA,NA,NA,NA,NA,NA,NA,NA,NA,NA,4,10,2,5.33333333333333,1,0,2,0
"C08","933000320047147","F","F824",NA,NA,NA,NA,NA,NA,NA,NA,NA,NA,NA,NA,NA,NA,NA,NA,NA,NA,NA,NA,NA,NA,NA,NA,NA,NA,NA,NA,NA,NA,NA,NA,NA,NA,NA,NA,NA,NA,NA,NA,NA,31,39,33,34.3333333333333,12,12,14,3
"C08","933000320047150","M","M869",NA,NA,NA,NA,NA,NA,NA,NA,NA,NA,NA,NA,NA,NA,NA,NA,NA,NA,NA,NA,NA,NA,NA,NA,NA,NA,NA,NA,NA,NA,NA,NA,NA,NA,NA,NA,NA,NA,NA,NA,NA,12,14,10,12,5,6,2,3
"C08","933000320047252","F","F830",NA,NA,NA,NA,NA,NA,NA,NA,NA,NA,NA,NA,NA,NA,NA,NA,NA,NA,NA,NA,NA,NA,NA,NA,NA,NA,NA,NA,NA,NA,NA,NA,NA,NA,NA,NA,NA,NA,NA,NA,NA,24,19,20,21,7,0,0,21
"C08","933000320047254","F","F806",NA,NA,NA,NA,NA,NA,NA,NA,NA,NA,NA,NA,NA,NA,NA,NA,NA,NA,NA,NA,NA,NA,NA,NA,NA,NA,NA,NA,NA,NA,NA,NA,NA,NA,NA,NA,NA,NA,NA,NA,NA,0,0,0,0,0,0,0,0
"C08","933000320047259","M","M880",NA,NA,NA,NA,NA,NA,NA,NA,NA,NA,NA,NA,NA,NA,NA,NA,NA,NA,NA,NA,NA,NA,NA,NA,NA,NA,NA,NA,NA,NA,NA,NA,NA,NA,NA,NA,NA,NA,NA,NA,NA,2,3,7,4,2,7,8,24
"C08","933000320047260","M","M879",NA,NA,NA,NA,NA,NA,NA,NA,NA,NA,NA,NA,NA,NA,NA,NA,NA,NA,NA,NA,NA,NA,NA,NA,NA,NA,NA,NA,NA,NA,NA,NA,NA,NA,NA,NA,NA,NA,NA,NA,NA,30,34,36,33.3333333333333,10,16,18,16
"C08","933000320047264","F","F814",NA,NA,NA,NA,NA,NA,NA,NA,NA,NA,NA,NA,NA,NA,NA,NA,NA,NA,NA,NA,NA,NA,NA,NA,NA,NA,NA,NA,NA,NA,NA,NA,NA,NA,NA,NA,NA,NA,NA,NA,NA,16,37,38,30.3333333333333,4,2,2,3
"C08","933000320047268","F","F837",NA,NA,NA,NA,NA,NA,NA,NA,NA,NA,NA,NA,NA,NA,NA,NA,NA,NA,NA,NA,NA,NA,NA,NA,NA,NA,NA,NA,NA,NA,NA,NA,NA,NA,NA,NA,NA,NA,NA,NA,NA,42,42,37,40.3333333333333,11,13,11,42
"C08","933000320047275","M","M873",NA,NA,NA,NA,NA,NA,NA,NA,NA,NA,NA,NA,NA,NA,NA,NA,NA,NA,NA,NA,NA,NA,NA,NA,NA,NA,NA,NA,NA,NA,NA,NA,NA,NA,NA,NA,NA,NA,NA,NA,NA,0,2,1,1,0,1,4,1
"C08","933000320047277","M","M863",NA,NA,NA,NA,NA,NA,NA,NA,NA,NA,NA,NA,NA,NA,NA,NA,NA,NA,NA,NA,NA,NA,NA,NA,NA,NA,NA,NA,NA,NA,NA,NA,NA,NA,NA,NA,NA,NA,NA,NA,NA,3,1,0,1.33333333333333,1,0,1,15
"C08","933000320047280","F","F828",NA,NA,NA,NA,NA,NA,NA,NA,NA,NA,NA,NA,NA,NA,NA,NA,NA,NA,NA,NA,NA,NA,NA,NA,NA,NA,NA,NA,NA,NA,NA,NA,NA,NA,NA,NA,NA,NA,NA,NA,NA,3,36,43,27.3333333333333,6,17,8,39
"C08","933000320047281","M","M868",NA,NA,NA,NA,NA,NA,NA,NA,NA,NA,NA,NA,NA,NA,NA,NA,NA,NA,NA,NA,NA,NA,NA,NA,NA,NA,NA,NA,NA,NA,NA,NA,NA,NA,NA,NA,NA,NA,NA,NA,NA,14,14,11,13,4,14,14,14
"C08","933000320047283","M","M853",NA,NA,NA,NA,NA,NA,NA,NA,NA,NA,NA,NA,NA,NA,NA,NA,NA,NA,NA,NA,NA,NA,NA,NA,NA,NA,NA,NA,NA,NA,NA,NA,NA,NA,NA,NA,NA,NA,NA,NA,NA,8,10,5,7.66666666666667,2,0,3,0
"C08","933000320047286","F","F818",NA,NA,NA,NA,NA,NA,NA,NA,NA,NA,NA,NA,NA,NA,NA,NA,NA,NA,NA,NA,NA,NA,NA,NA,NA,NA,NA,NA,NA,NA,NA,NA,NA,NA,NA,NA,NA,NA,NA,NA,NA,3,2,6,3.66666666666667,0,10,7,24
"C08","933000320047287","M","M865",NA,NA,NA,NA,NA,NA,NA,NA,NA,NA,NA,NA,NA,NA,NA,NA,NA,NA,NA,NA,NA,NA,NA,NA,NA,NA,NA,NA,NA,NA,NA,NA,NA,NA,NA,NA,NA,NA,NA,NA,NA,21,10,4,11.6666666666667,3,9,8,3
"C08","933000320047288","F","F821",NA,NA,NA,NA,NA,NA,NA,NA,NA,NA,NA,NA,NA,NA,NA,NA,NA,NA,NA,NA,NA,NA,NA,NA,NA,NA,NA,NA,NA,NA,NA,NA,NA,NA,NA,NA,NA,NA,NA,NA,NA,0,8,2,3.33333333333333,2,1,6,35
"C08","933000320047290","M","M866",NA,NA,NA,NA,NA,NA,NA,NA,NA,NA,NA,NA,NA,NA,NA,NA,NA,NA,NA,NA,NA,NA,NA,NA,NA,NA,NA,NA,NA,NA,NA,NA,NA,NA,NA,NA,NA,NA,NA,NA,NA,0,2,0,0.666666666666667,1,2,5,2
"C08","933000320047293","M","M851",NA,NA,NA,NA,NA,NA,NA,NA,NA,NA,NA,NA,NA,NA,NA,NA,NA,NA,NA,NA,NA,NA,NA,NA,NA,NA,NA,NA,NA,NA,NA,NA,NA,NA,NA,NA,NA,NA,NA,NA,NA,3,5,3,3.66666666666667,2,1,1,4
"C08","933000320047295","F","F823",NA,NA,NA,NA,NA,NA,NA,NA,NA,NA,NA,NA,NA,NA,NA,NA,NA,NA,NA,NA,NA,NA,NA,NA,NA,NA,NA,NA,NA,NA,NA,NA,NA,NA,NA,NA,NA,NA,NA,NA,NA,20,33,29,27.3333333333333,10,11,10,8
"C08","933000320047312","F","F805",NA,NA,NA,NA,NA,NA,NA,NA,NA,NA,NA,NA,NA,NA,NA,NA,NA,NA,NA,NA,NA,NA,NA,NA,NA,NA,NA,NA,NA,NA,NA,NA,NA,NA,NA,NA,NA,NA,NA,NA,NA,30,54,50,44.6666666666667,9,4,6,44
"C08","933000320047313","M","M874",NA,NA,NA,NA,NA,NA,NA,NA,NA,NA,NA,NA,NA,NA,NA,NA,NA,NA,NA,NA,NA,NA,NA,NA,NA,NA,NA,NA,NA,NA,NA,NA,NA,NA,NA,NA,NA,NA,NA,NA,NA,64,40,34,46,5,12,12,5
"C08","933000320047321","M","M876",NA,NA,NA,NA,NA,NA,NA,NA,NA,NA,NA,NA,NA,NA,NA,NA,NA,NA,NA,NA,NA,NA,NA,NA,NA,NA,NA,NA,NA,NA,NA,NA,NA,NA,NA,NA,NA,NA,NA,NA,NA,1,14,23,12.6666666666667,6,2,14,14
"C08","933000320047462","M","M872",NA,NA,NA,NA,NA,NA,NA,NA,NA,NA,NA,NA,NA,NA,NA,NA,NA,NA,NA,NA,NA,NA,NA,NA,NA,NA,NA,NA,NA,NA,NA,NA,NA,NA,NA,NA,NA,NA,NA,NA,NA,5,6,13,8,6,2,11,17
"C08","933000320047464","M","M878",NA,NA,NA,NA,NA,NA,NA,NA,NA,NA,NA,NA,NA,NA,NA,NA,NA,NA,NA,NA,NA,NA,NA,NA,NA,NA,NA,NA,NA,NA,NA,NA,NA,NA,NA,NA,NA,NA,NA,NA,NA,2,3,5,3.33333333333333,2,10,0,1
"C08","933000320047470","F","F803",NA,NA,NA,NA,NA,NA,NA,NA,NA,NA,NA,NA,NA,NA,NA,NA,NA,NA,NA,NA,NA,NA,NA,NA,NA,NA,NA,NA,NA,NA,NA,NA,NA,NA,NA,NA,NA,NA,NA,NA,NA,0,3,2,1.66666666666667,1,9,0,4
"C08","933000320047471","M","M870",NA,NA,NA,NA,NA,NA,NA,NA,NA,NA,NA,NA,NA,NA,NA,NA,NA,NA,NA,NA,NA,NA,NA,NA,NA,NA,NA,NA,NA,NA,NA,NA,NA,NA,NA,NA,NA,NA,NA,NA,NA,61,48,64,57.6666666666667,4,8,10,3
"C08","933000320047475","F","F804",NA,NA,NA,NA,NA,NA,NA,NA,NA,NA,NA,NA,NA,NA,NA,NA,NA,NA,NA,NA,NA,NA,NA,NA,NA,NA,NA,NA,NA,NA,NA,NA,NA,NA,NA,NA,NA,NA,NA,NA,NA,0,3,5,2.66666666666667,2,4,8,12
"C08","933000320047476","M","M871",NA,NA,NA,NA,NA,NA,NA,NA,NA,NA,NA,NA,NA,NA,NA,NA,NA,NA,NA,NA,NA,NA,NA,NA,NA,NA,NA,NA,NA,NA,NA,NA,NA,NA,NA,NA,NA,NA,NA,NA,NA,14,20,14,16,4,8,2,18
"C08","933000320047477","F","F801",NA,NA,NA,NA,NA,NA,NA,NA,NA,NA,NA,NA,NA,NA,NA,NA,NA,NA,NA,NA,NA,NA,NA,NA,NA,NA,NA,NA,NA,NA,NA,NA,NA,NA,NA,NA,NA,NA,NA,NA,NA,30,32,40,34,10,13,12,26
"C08","933000320047490","F","F808",NA,NA,NA,NA,NA,NA,NA,NA,NA,NA,NA,NA,NA,NA,NA,NA,NA,NA,NA,NA,NA,NA,NA,NA,NA,NA,NA,NA,NA,NA,NA,NA,NA,NA,NA,NA,NA,NA,NA,NA,NA,7,20,12,13,2,1,0,1
"C08","933000320047497","F","F807",NA,NA,NA,NA,NA,NA,NA,NA,NA,NA,NA,NA,NA,NA,NA,NA,NA,NA,NA,NA,NA,NA,NA,NA,NA,NA,NA,NA,NA,NA,NA,NA,NA,NA,NA,NA,NA,NA,NA,NA,NA,0,1,2,1,0,2,4,10
"C08","933000320047500","M","M877",NA,NA,NA,NA,NA,NA,NA,NA,NA,NA,NA,NA,NA,NA,NA,NA,NA,NA,NA,NA,NA,NA,NA,NA,NA,NA,NA,NA,NA,NA,NA,NA,NA,NA,NA,NA,NA,NA,NA,NA,NA,1,13,31,15,4,15,14,3
