"cohort","rfid","sex","labanimalid","esc11_14_mean","mean_sha_last3","pr01","pr02","pr03","shock03","lga_11_age","sha_08_age","pr_01_age","pr_02_age","pr_03_age","shock_03_age","lga_11_box","pr_01_box","pr_02_box","pr_03_box","sha_08_box","shock_03_box","add_ind"
"C01","933000120117306","F","F19",142.25,1.66666666666667,1,13,14,7,99,79,84,106,109,114,"K1-3","K1-3","K1-3","K1-3","K1-3","MED1110-3",0.29065101552315
"C01","933000120117307","M","M61",146.5,2,0,9,13,26,100,80,85,107,110,115,"Q3-2","Q3-2","Q3-2","Q3-2","Q3-2","MED1110-11",0.670014718044025
"C01","933000120117308","M","M66",25.5,2,0,6,2,2,99,79,84,106,109,114,"Q3-5","Q3-5","Q3-5","Q3-5","Q3-5","MED1110-13",-0.846608855654716
"C01","933000120117311","F","F21",33.25,42.3333333333333,10,12,5,19,99,79,84,106,109,114,"K1-5","K1-5","K1-5","K1-5","K1-5","MED1110-5",0.384096040836978
"C01","933000120117312","F","F20",14.5,44,4,15,5,20,99,79,84,106,109,114,"K1-4","K1-4","K1-4","K1-4","K1-4","MED1110-4",0.552920635733231
"C01","933000120117313","F","F26",-4.75,15,5,10,9,22,91,71,76,98,101,106,"K1-2","K1-2","K1-2","K1-2","K1-2","MED1110-2",0.0892653516377487
"C01","933000120117318","M","M54",-2.5,2.33333333333333,0,2,3,5,99,79,84,106,109,114,"Q2-4","Q2-4","Q2-4","Q2-4","Q2-4","MED1110-15",-0.964523732949804
"C01","933000120117320","M","M58",89,11.6666666666667,5,16,13,16,100,80,85,107,110,115,"Q2-6","Q2-6","Q2-6","Q2-6","Q2-6","MED1110-9",1.53384393145289
"C01","933000120117321","M","M55",115,4.66666666666667,2,11,13,1,99,79,84,106,109,114,"Q2-5","Q2-5","Q2-5","Q2-5","Q2-5","MED1110-16",0.125466571917341
"C01","933000120117322","M","M62",NA,2,0,NA,NA,NA,NA,80,85,NA,NA,NA,NA,"Q3-3",NA,NA,"Q3-3",NA,NA
"C01","933000120117323","F","F23",5.25,1.33333333333333,2,4,1,2,100,80,85,107,110,115,"K2-1","K2-1","K2-1","K2-1","K2-1","MED1110-7",-1.2328738498001
"C01","933000120117324","M","M65",153,1.66666666666667,1,11,6,2,99,79,84,106,109,114,"Q3-4","Q3-4","Q3-4","Q3-4","Q3-4","MED1110-12",0.212572543658443
"C01","933000120117325","M","M59",110.25,1.66666666666667,0,12,14,3,100,80,85,107,110,115,"Q3-1","Q3-1","Q3-1","Q3-1","Q3-1","MED1110-10",0.369746945456755
"C01","933000120117326","M","M69",108.75,5.33333333333333,3,12,2,4,101,81,86,108,111,116,"Q3-6","Q3-6","Q3-6","Q3-6","Q3-6","MED1110-14",-0.174068356814232
"C01","933000120117329","F","F22",13.75,37,15,NA,3,12,99,79,84,NA,109,114,"K1-6","K1-6",NA,"K1-6","K1-6","MED1110-6",-0.150701922482576
"C01","933000120117331","M","M31",-83.75,14,5,1,0,2,107,87,92,114,117,122,"K3-6","K3-6","K3-6","K3-6","K3-6","MED1110-11",-0.592197442723509
"C01","933000120117332","M","M22",126,0.333333333333333,1,12,NA,1,106,86,91,113,NA,121,"K3-3","K3-3","K3-3",NA,"K3-3","MED1110-16",0.79233467114982
"C01","933000120117333","F","F4",54.75,31.3333333333333,10,10,8,15,107,87,92,114,117,122,"MED1110-4","MED1110-4","MED1110-4","MED1110-4","MED1110-4","MED1110-4",0.151508309580663
"C01","933000120117334","F","F10",47.25,24,5,15,14,11,107,87,92,114,117,122,"MED1110-10","MED1110-10","MED1110-10","MED1110-10","MED1110-10","MED1110-2",1.32626086164472
"C01","933000120117335","M","M14",0,5,0,0,0,7,107,87,92,114,117,122,"K3-1","K3-1","K3-1","K3-1","K3-1","MED1110-14",-0.939776925689839
"C01","933000120117336","M","M34",44,5,4,12,17,25,107,87,92,114,117,122,"Q2-1","Q2-1","Q2-1","Q2-1","Q2-1","MED1110-12",1.22985026228465
"C01","933000120117338","M","M2",57.5,11,6,13,11,3,107,87,92,114,117,122,"K2-3","K2-3","K2-3","K2-3","K2-3","MED1110-10",0.689036960159495
"C01","933000120117339","M","M27",117,1.33333333333333,0,12,0,1,106,86,91,113,116,121,"K3-4","K3-4","K3-4","K3-4","K3-4","MED1110-9",-0.299750241135282
"C01","933000120117340","F","F7",184.75,0,0,8,4,10,106,86,91,113,116,121,"MED1110-7","MED1110-7","MED1110-7","MED1110-7","MED1110-7","MED1110-7",-0.608689201934296
"C01","933000120117341","F","F9",151.75,0.666666666666667,0,4,12,16,106,86,91,113,116,121,"MED1110-9","MED1110-9","MED1110-9","MED1110-9","MED1110-9","MED1110-1",-0.000519258219588259
"C01","933000120117342","F","F3",-32.25,20,9,9,5,4,107,87,92,114,117,122,"MED1110-3","MED1110-3","MED1110-3","MED1110-3","MED1110-3","MED1110-3",-0.829170552633189
"C01","933000120117343","F","F11",11.75,39,11,17,19,27,107,87,92,114,117,122,"MED1110-11","MED1110-11","MED1110-11","MED1110-11","MED1110-11","MED1110-3",1.5887224818258
"C01","933000120117344","M","M21",11.5,34,4,15,17,13,106,86,91,113,116,121,"K3-2","K3-2","K3-2","K3-2","K3-2","MED1110-15",1.51364434160797
"C01","933000120117345","M","M8",0.25,1,2,0,0,1,107,87,92,114,117,122,"K2-5","K2-5","K2-5","K2-5","K2-5","MED1110-12",-1.14465813151603
"C01","933000120117346","F","F13",114.5,0.333333333333333,1,11,10,20,101,81,86,108,111,116,"MED1110-13","MED1110-13","MED1110-13","MED1110-13","MED1110-13","MED1110-5",-0.138230838246205
"C01","933000120117347","F","F5",81,0.666666666666667,1,9,3,3,107,87,92,114,117,122,"MED1110-5","MED1110-5","MED1110-5","MED1110-5","MED1110-5","MED1110-5",-0.833250625858915
"C01","933000120117348","M","M7",28.5,49,4,13,14,3,107,87,92,114,117,122,"K2-4","K2-4","K2-4","K2-4","K2-4","MED1110-11",0.88847679785523
"C01","933000120117349","F","F6",100.5,1.33333333333333,0,12,9,14,107,87,92,114,117,122,"MED1110-6","MED1110-6","MED1110-6","MED1110-6","MED1110-6","MED1110-6",0.451575612670291
"C01","933000120117350","M","M28",48.75,0.666666666666667,0,0,0,9,107,87,92,114,117,122,"K3-5","K3-5","K3-5","K3-5","K3-5","MED1110-10",-0.42206806281145
"C01","933000120117351","F","F8",0.25,0,0,0,1,0,106,86,91,113,116,121,"MED1110-8","MED1110-8","MED1110-8","MED1110-8","MED1110-8","MED1110-8",-1.55695229012917
"C01","933000120117352","M","M13",78.75,1.33333333333333,4,4,10,1,107,87,92,114,117,122,"K2-6","K2-6","K2-6","K2-6","K2-6","MED1110-13",-0.0787348269052398
"C01","933000120117355","F","F12",99.75,2.33333333333333,0,11,11,18,107,87,92,114,117,122,"MED1110-12","MED1110-12","MED1110-12","MED1110-12","MED1110-12","MED1110-4",-0.311895363589372
"C01","933000120124696","M","M50",-10.75,8.33333333333333,4,2,1,2,100,80,85,107,110,115,"Q2-2","Q2-2","Q2-2","Q2-2","Q2-2","MED1110-13",-1.05270392483002
"C01","933000120124697","F","F16",81.5,0.666666666666667,2,12,13,34,101,81,86,108,111,116,"MED1110-16","MED1110-16","MED1110-16","MED1110-16","MED1110-16","MED1110-8",0.606234449417433
"C01","933000120124698","M","M51",-13.25,6,5,8,7,6,100,80,85,107,110,115,"Q2-3","Q2-3","Q2-3","Q2-3","Q2-3","MED1110-14",-0.781329674110606
"C01","933000120124699","F","F14",201.5,0.666666666666667,2,4,8,5,101,81,86,108,111,116,"MED1110-14","MED1110-14","MED1110-14","MED1110-14","MED1110-14","MED1110-6",-0.37752706106973
"C01","933000120124700","F","F15",1,0,0,1,1,NA,101,81,86,108,111,NA,"MED1110-15","MED1110-15","MED1110-15","MED1110-15","MED1110-15",NA,-1.45524587708534
"C01","933000120124701","F","F1",45.5,17.6666666666667,10,13,11,26,107,87,92,114,117,122,"MED1110-1","MED1110-1","MED1110-1","MED1110-1","MED1110-1","MED1110-1",0.67575223455766
"C01","933000120124703","F","F2",58,11.3333333333333,6,12,11,26,107,87,92,114,117,122,"MED1110-2","MED1110-2","MED1110-2","MED1110-2","MED1110-2","MED1110-2",0.692414989404616
"C01","933000120124704","F","F18",52.25,36.6666666666667,11,14,12,11,100,80,85,107,110,115,"K1-1","K1-1","K1-1","K1-1","K1-1","MED1110-1",0.507967640658647
"C01","933000120124705","M","M1",13.75,2.33333333333333,2,5,3,4,107,87,92,114,117,122,"K2-2","K2-2","K2-2","K2-2","K2-2","MED1110-9",-0.728567568445887
"C02","933000120138271","F","F79",96.75,1,0,8,17,18,93,73,78,100,107,112,"MED1110-2","MED1110-2","MED1110-2","MED1110-2","MED1110-2","MED1110-2",NA
"C02","933000120138279","F","F78",61.75,2.33333333333333,2,11,1,12,93,73,78,100,107,112,"MED1110-1","MED1110-1","MED1110-1","MED1110-1","MED1110-1","MED1110-1",NA
"C02","933000120138280","M","M156",62.75,3.66666666666667,2,1,11,1,93,73,78,100,107,112,"K2-5","K2-5","K2-5","K2-5","K2-5","MED1110-12",-0.934546491876206
"C02","933000120138281","M","M177",-4,0,0,1,14,0,81,61,66,88,95,100,"Q3-5","Q3-5","Q3-5","Q3-3","Q3-5","MED1110-14",-1.30632192757663
"C02","933000120138282","F","F105",17,40,8,6,6,7,80,60,65,87,94,99,"MED1110-12","MED1110-12","MED1110-12","MED1110-12","MED1110-12","MED1110-4",-0.336039038252659
"C02","933000120138283","M","M174",108.25,2.66666666666667,1,12,13,22,81,61,66,88,95,100,"Q3-2","Q3-2","Q3-2","Q3-2","Q3-2","MED1110-11",0.755278439950107
"C02","933000120138285","F","F97",-3.5,24.3333333333333,10,9,12,8,83,63,68,90,97,102,"MED1110-16","MED1110-16","MED1110-16","MED1110-16","MED1110-16","MED1110-8",NA
"C02","933000120138286","F","F103",100.5,1.66666666666667,0,0,11,8,80,60,65,87,94,99,"K1-6","K1-6","K1-6","K1-6","K1-6","MED1110-6",-0.905675916181861
"C02","933000120138287","F","F99",1.25,59.6666666666667,11,12,15,23,81,61,66,88,95,100,"K1-2","K1-2","K1-2","K1-2","K1-2","MED1110-2",NA
"C02","933000120138288","M","M173",56.25,19,6,12,15,8,83,63,68,90,97,102,"Q3-1","Q3-1","Q3-1","Q3-1","Q3-1","MED1110-10",0.441046704094354
"C02","933000120138289","M","M172",73.25,11.6666666666667,3,NA,9,7,83,63,68,NA,97,102,NA,NA,NA,NA,NA,"MED1110-9",-0.107830063551187
"C02","933000120138291","M","M175",62.5,4.33333333333333,3,11,1,2,81,61,66,88,95,100,"Q3-3","Q3-3","Q3-3","Q3-1","Q3-3","MED1110-12",-0.57133339999259
"C02","933000120138293","F","F96",7.75,12,4,14,12,8,83,63,68,90,97,102,"MED1110-15","MED1110-15","MED1110-15","MED1110-15","MED1110-15","MED1110-7",NA
"C02","933000120138295","F","F98",9,36.6666666666667,10,13,10,15,81,61,66,88,95,100,"K1-1","K1-1","K1-1","K1-1","K1-1","MED1110-1",NA
"C02","933000120138296","F","F101",-48,48,10,12,11,32,81,61,66,88,95,100,"K1-4","K1-4","K1-4","K1-4","K1-4","MED1110-4",0.754530548817799
"C02","933000120138298","M","M178",NA,10.3333333333333,3,NA,NA,NA,NA,60,65,NA,NA,NA,NA,"Q3-6",NA,NA,"Q3-6",NA,NA
"C02","933000120138300","F","F104",19.25,1.33333333333333,0,2,5,14,80,60,65,87,94,99,"K2-1","K2-1","K2-1","K2-1","K2-1","MED1110-7",-1.43595603954544
"C02","933000120138302","M","M176",58.5,4,1,5,6,8,81,61,66,88,95,100,"Q3-4","Q3-4","Q3-4","Q3-2","Q3-4","MED1110-13",-0.862359996059183
"C02","933000120138304","F","F102",38.5,42,0,14,18,42,80,60,65,87,94,99,"K1-5","K1-5","K1-5","K1-5","K1-5","MED1110-5",1.63560313356148
"C02","933000120138305","F","F100",113.5,0.666666666666667,1,16,14,17,81,61,66,88,95,100,"K1-3","K1-3","K1-3","K1-3","K1-3","MED1110-3",0.346849448780087
"C02","933000120138306","F","F93",103.25,1.33333333333333,2,13,2,14,84,64,69,91,98,103,"MED1110-14","MED1110-14","MED1110-14","MED1110-14","MED1110-14","MED1110-6",NA
"C02","933000120138316","F","F92",88,4,1,13,12,30,84,64,69,91,98,103,"MED1110-13","MED1110-13","MED1110-13","MED1110-13","MED1110-13","MED1110-5",NA
"C02","933000120138321","M","M169",31.25,24.3333333333333,9,3,15,1,84,64,69,91,98,103,NA,NA,NA,NA,NA,"MED1110-14",0.574198991762496
"C02","933000120138322","M","M168",141.75,1,2,11,13,10,84,64,69,91,98,103,NA,NA,NA,NA,NA,"MED1110-13",0.344036177282185
"C02","933000120138324","M","M171",37.5,34.6666666666667,8,9,14,19,84,64,69,91,98,103,NA,NA,NA,NA,NA,"MED1110-16",1.21201054203389
"C02","933000120138330","M","M170",100.25,28.6666666666667,6,12,12,17,84,64,69,91,98,103,NA,NA,NA,NA,NA,"MED1110-15",0.613446703654191
"C02","933000120138331","F","F84",66,1.33333333333333,1,6,1,21,88,68,73,95,102,107,"MED1110-5","MED1110-5","MED1110-5","MED1110-5","MED1110-5","MED1110-5",NA
"C02","933000120138332","M","M162",76.75,3,2,11,12,3,88,68,73,95,102,107,"K3-2","K3-2","K3-2","K3-2","K3-2","MED1110-15",-0.117433217519165
"C02","933000120138333","M","M167",-13.75,40,9,9,3,4,86,66,71,93,100,105,NA,NA,NA,NA,NA,"MED1110-12",0.362374901277161
"C02","933000120138334","M","M161",109.25,0.333333333333333,0,15,16,0,88,68,73,95,102,107,"K3-1","K3-1","K3-1","K3-1","K3-1","MED1110-14",0.193780556735346
"C02","933000120138335","F","F85",129.75,2.33333333333333,3,6,12,21,88,68,73,95,102,107,"MED1110-6","MED1110-6","MED1110-6","MED1110-6","MED1110-6","MED1110-6",NA
"C02","933000120138336","M","M155",66.5,1.33333333333333,1,12,12,5,93,73,78,100,107,112,"K2-4","K2-4","K2-4","K2-4","K2-4","MED1110-11",-0.131839954933899
"C02","933000120138338","F","F87",69.75,13.3333333333333,6,10,10,17,89,69,74,96,103,108,"MED1110-8","MED1110-8","MED1110-8","MED1110-8","MED1110-8","MED1110-8",NA
"C02","933000120138339","M","M165",65.25,18.6666666666667,5,7,0,4,86,66,71,93,100,105,"K3-5","K3-5","K3-5","K3-5","K3-5","MED1110-10",-0.742150280683956
"C02","933000120138340","F","F83",56.25,15,5,17,16,13,88,68,73,95,102,107,"MED1110-4","MED1110-4","MED1110-4","MED1110-4","MED1110-4","MED1110-4",NA
"C02","933000120138341","F","F86",119.5,4.66666666666667,1,14,16,12,89,69,74,96,103,108,"MED1110-7","MED1110-7","MED1110-7","MED1110-7","MED1110-7","MED1110-7",NA
"C02","933000120138342","M","M163",-25.75,8.66666666666667,2,0,10,2,88,68,73,95,102,107,"K3-3","K3-3","K3-3","K3-3","K3-3","MED1110-16",-0.485754796046229
"C02","933000120138343","F","F88",11.5,44.3333333333333,12,10,10,23,86,66,71,93,100,105,"MED1110-9","MED1110-9","MED1110-9","MED1110-9","MED1110-9","MED1110-1",NA
"C02","933000120138344","M","M160",11.75,50.6666666666667,10,16,18,11,88,68,73,95,102,107,"K2-6","K2-6","K2-6","K2-6","K2-6","MED1110-13",1.19230944267655
"C02","933000120138346","M","M164",129,0,0,13,12,12,86,66,71,93,100,105,"K3-4","K3-4","K3-4","K3-4","K3-4","MED1110-9",0.00529185980761286
"C02","933000120138347","M","M154",117.25,1.33333333333333,1,11,11,16,93,73,78,100,107,112,"K2-3","K2-3","K2-3","K2-3","K2-3","MED1110-10",0.385159061164928
"C02","933000120138348","M","M166",60.5,1,0,12,0,11,86,66,71,93,100,105,"K3-6","K3-6","K3-6","K3-6","K3-6","MED1110-11",-0.337838206982593
"C02","933000120138349","M","M153",118.25,1.66666666666667,1,11,8,6,93,73,78,100,107,112,"K2-2","K2-2","K2-2","K2-2","K2-2","MED1110-9",-0.48152504521719
"C02","933000120138351","F","F90",23.5,51.6666666666667,14,16,19,21,86,66,71,93,100,105,"MED1110-11","MED1110-11","MED1110-11","MED1110-11","MED1110-11","MED1110-3",NA
"C02","933000120138353","F","F82",NA,6,4,NA,NA,NA,NA,68,73,NA,NA,NA,NA,"MED1110-3",NA,NA,"MED1110-3",NA,NA
"C02","933000120138354","F","F89",41.25,44,12,15,15,27,86,66,71,93,100,105,"MED1110-10","MED1110-10","MED1110-10","MED1110-10","MED1110-10","MED1110-2",NA
"C03","933000120138384","M","M366",95.5,2,0,13,13,22,103,82,88,110,115,118,NA,NA,NA,NA,NA,"MED1110-16",0.836729145157676
"C03","933000120138385","M","M368",-2.75,2.33333333333333,2,2,5,2,100,79,85,107,112,115,"Q3-1","Q3-1","Q3-1","Q3-1","Q3-1","MED1110-10",-1.2283344159914
"C03","933000120138386","F","F305",95.25,7.66666666666667,6,11,9,21,100,79,85,107,112,115,"MED1110-5","MED1110-5","MED1110-5","MED1110-5","MED1110-5","MED1110-5",0.236674251510616
"C03","933000120138388","F","F323",-16.75,5.33333333333333,3,7,9,9,100,79,85,107,112,115,"K2-1","K2-1","K2-1","K2-1","K2-1","MED1110-7",-0.930698632459952
"C03","933000120138389","M","M360",26.5,4.66666666666667,5,NA,NA,NA,102,81,87,NA,NA,NA,"K3-5","K3-5",NA,NA,"K3-5",NA,NA
"C03","933000120138394","M","M359",105.25,1.33333333333333,2,0,13,13,100,79,85,107,112,115,"K3-4","K3-4","K3-4","K3-4","K3-4","MED1110-9",0.273241663394933
"C03","933000120138395","M","M371",0.25,0,0,0,6,4,100,79,85,107,112,115,"Q3-4","Q3-4","Q3-4","Q3-4","Q3-4","MED1110-13",-1.10170622154412
"C03","933000120138397","M","M367",29,6.33333333333333,5,14,12,22,100,79,85,107,112,115,NA,NA,NA,NA,NA,"MED1110-9",1.51441661869057
"C03","933000120138398","F","F306",40.5,2.33333333333333,6,17,18,11,100,79,85,107,112,115,"MED1110-6","MED1110-6","MED1110-6","MED1110-6","MED1110-6","MED1110-6",1.13471552660236
"C03","933000120138400","F","F303",28,6.66666666666667,0,10,12,0,100,79,85,107,112,115,"MED1110-3","MED1110-3","MED1110-3","MED1110-3","MED1110-3","MED1110-3",-0.270942987817452
"C03","933000120138401","M","M372",24.75,8,5,16,14,1,100,79,85,107,112,115,"Q3-5","Q3-5","Q3-5","Q3-5","Q3-5","MED1110-14",0.475726558385036
"C03","933000120138403","F","F304",45.75,27,9,12,10,20,102,81,87,109,114,117,"MED1110-4","MED1110-4","MED1110-4","MED1110-4","MED1110-4","MED1110-4",0.409792906944741
"C03","933000120138556","F","F312",130,0.333333333333333,2,10,11,4,104,83,89,111,116,119,"MED1110-12","MED1110-12","MED1110-12","MED1110-12","MED1110-12","MED1110-4",-0.0556427540316157
"C03","933000120138557","M","M361",34.25,7.66666666666667,4,9,14,16,104,83,89,111,116,119,"K3-6","K3-6","K3-6","K3-6","K3-6","MED1110-11",0.866590461842537
"C03","933000120138558","M","M354",48.25,8.33333333333333,4,0,11,0,104,83,89,111,116,119,"K2-5","K2-5","K2-5","K2-5","K2-5","MED1110-12",-0.420026682936539
"C03","933000120138559","F","F311",73.75,3.33333333333333,1,13,13,16,104,83,89,111,116,119,"MED1110-11","MED1110-11","MED1110-11","MED1110-11","MED1110-11","MED1110-3",0.413618481887229
"C03","933000120138561","F","F308",39,10.3333333333333,7,5,10,17,110,89,95,117,122,125,"MED1110-8","MED1110-8","MED1110-8","MED1110-8","MED1110-8","MED1110-8",-0.635548182715345
"C03","933000120138564","M","M373",67.5,3.33333333333333,3,9,9,21,103,82,88,110,115,118,"Q3-6","Q3-6","Q3-6","Q3-6","Q3-6","MED1110-15",0.316310560861869
"C03","933000120138568","F","F302",29.75,16.3333333333333,7,11,10,6,104,83,89,111,116,119,"MED1110-2","MED1110-2","MED1110-2","MED1110-2","MED1110-2","MED1110-2",-0.501326550930983
"C03","933000120138569","M","M364",-8.75,32,10,8,5,4,104,83,89,111,116,119,NA,NA,NA,NA,NA,"MED1110-14",-0.103678631712778
"C03","933000120138573","M","M362",43,1.66666666666667,1,3,4,2,104,83,89,111,116,119,"Q3-1","Q3-1","Q3-1","Q3-1","Q3-1","MED1110-12",-0.789032745595113
"C03","933000120138575","M","M353",61.75,14,6,13,15,5,104,83,89,111,116,119,"K2-4","K2-4","K2-4","K2-4","K2-4","MED1110-11",0.955411636340961
"C03","933000120138577","M","M363",8.75,26,9,15,12,4,104,83,89,111,116,119,NA,NA,NA,NA,NA,"MED1110-13",0.830282133545227
"C03","933000120138578","F","F301",24.75,15.6666666666667,5,15,11,14,104,83,89,111,116,119,"MED1110-1","MED1110-1","MED1110-1","MED1110-1","MED1110-1","MED1110-1",0.030117966777328
"C03","933000120138579","F","F307",17.75,14.3333333333333,15,16,13,8,110,89,95,117,122,125,"MED1110-7","MED1110-7","MED1110-7","MED1110-7","MED1110-7","MED1110-7",-0.43978982817653
"C03","933000120138631","F","F320",-4,42.3333333333333,9,12,11,22,110,89,95,117,122,125,"K1-4","K1-4","K1-4","K1-4","K1-4","MED1110-4",0.513568544556655
"C03","933000120138632","F","F322",150.75,0.666666666666667,0,14,12,27,110,89,95,117,122,125,"K1-6","K1-6","K1-6","K1-6","K1-6","MED1110-6",0.73627769313052
"C03","933000120138633","F","F316",120.5,0.333333333333333,0,8,10,9,110,89,95,117,122,125,"MED1110-16","MED1110-16","MED1110-16","MED1110-16","MED1110-16","MED1110-8",-0.55968757797788
"C03","933000120138634","F","F315",5,37,7,10,8,11,110,89,95,117,122,125,"MED1110-15","MED1110-15","MED1110-15","MED1110-15","MED1110-15","MED1110-7",-0.231720259573617
"C03","933000120138636","M","M358",60.75,2,1,0,12,0,110,89,95,117,122,125,"K3-3","K3-3","K3-3","K3-3","K3-3","MED1110-16",-0.780971948338616
"C03","933000120138637","F","F317",54.5,0.333333333333333,2,1,11,7,110,89,95,117,122,125,"K1-1","K1-1","K1-1","K1-1","K1-1","MED1110-1",-1.33197985102419
"C03","933000120138638","M","M356",17,2.66666666666667,2,1,6,1,115,94,100,122,127,130,"K3-1","K3-1","K3-1","K3-1","K3-1","MED1110-14",-0.668887072666994
"C03","933000120138639","M","M365",100,0.333333333333333,1,10,11,15,110,89,95,117,122,125,NA,NA,NA,NA,NA,"MED1110-15",0.261760269951177
"C03","933000120138640","M","M370",0.25,0,0,0,0,1,110,89,95,117,122,125,"Q3-3","Q3-3","Q3-3","Q3-3","Q3-3","MED1110-12",-1.45326362281756
"C03","933000120138642","F","F310",13.25,23.3333333333333,11,13,14,14,110,89,95,117,122,125,"MED1110-10","MED1110-10","MED1110-10","MED1110-10","MED1110-10","MED1110-2",0.171060907467939
"C03","933000120138643","M","M369",4.25,2,1,1,5,5,110,89,95,117,122,125,"Q3-2","Q3-2","Q3-2","Q3-2","Q3-2","MED1110-11",-1.06644218964207
"C03","933000120138644","F","F319",-13.75,41.6666666666667,8,4,14,17,110,89,95,117,122,125,"K1-3","K1-3","K1-3","K1-3","K1-3","MED1110-3",0.925800007043713
"C03","933000120138645","M","M355",89.75,0.666666666666667,0,9,8,1,115,94,100,122,127,130,"K2-6","K2-6","K2-6","K2-6","K2-6","MED1110-13",-0.780345837506097
"C03","933000120138646","M","M352",34.75,10.6666666666667,6,11,10,2,110,89,95,117,122,125,"K2-3","K2-3","K2-3","K2-3","K2-3","MED1110-10",0.125437436097706
"C03","933000120138647","F","F313",39.75,29,10,12,13,19,115,94,100,122,127,130,"MED1110-13","MED1110-13","MED1110-13","MED1110-13","MED1110-13","MED1110-5",0.285222421218821
"C03","933000120138648","F","F309",39.75,23.3333333333333,10,12,13,23,110,89,95,117,122,125,"MED1110-9","MED1110-9","MED1110-9","MED1110-9","MED1110-9","MED1110-1",0.594198821506619
"C03","933000120138649","M","M351",94.25,1.66666666666667,0,10,14,2,110,89,95,117,122,125,"K2-2","K2-2","K2-2","K2-2","K2-2","MED1110-9",0.649348691565576
"C03","933000120138650","F","F318",-1.25,25.3333333333333,10,13,11,20,110,89,95,117,122,125,"K1-2","K1-2","K1-2","K1-2","K1-2","MED1110-2",0.955805992585202
"C03","933000120138652","F","F314",0.75,0,0,1,0,12,115,94,100,122,127,130,"MED1110-14","MED1110-14","MED1110-14","MED1110-14","MED1110-14","MED1110-6",-1.67864903150772
"C03","933000120138654","F","F321",91,0.333333333333333,0,11,15,31,110,89,95,117,122,125,"K1-5","K1-5","K1-5","K1-5","K1-5","MED1110-5",0.229132134983533
"C03","933000120138655","M","M357",6.25,45.6666666666667,10,11,13,21,110,89,95,117,122,125,"K3-2","K3-2","K3-2","K3-2","K3-2","MED1110-15",1.17901485532137
"C04","933000120138387","F","F415",75.5,2.33333333333333,1,14,13,24,92,72,77,99,102,108,"MED1110-15","MED1110-15","MED1110-15","MED1110-15","MED1110-15","MED1110-4",0.540215295418171
"C04","933000120138390","F","F417",55.25,0.333333333333333,1,10,12,9,90,70,75,97,100,106,"K1-1","K1-1","K1-1","K1-1","K1-1","MED1110-6",-1.09387308436389
"C04","933000120138391","F","F403",73.75,1.66666666666667,0,14,12,23,88,68,73,95,98,104,"MED1110-3","MED1110-3","MED1110-3","MED1110-3","MED1110-3","MED1110-2",0.361694032324171
"C04","933000120138393","M","M465",NA,15,6,NA,NA,NA,NA,72,77,NA,NA,NA,NA,"Q3-4",NA,NA,"Q3-4",NA,NA
"C04","933000120138396","F","F418",NA,NA,NA,NA,NA,NA,NA,NA,NA,NA,NA,NA,NA,NA,NA,NA,NA,NA,NA
"C04","933000120138399","M","M466",98,0.666666666666667,1,10,9,10,90,70,75,97,100,106,"Q3-5","Q3-5","Q3-5","Q3-5","Q3-5","MED1110-14",0.236821816063215
"C04","933000120138402","M","M463",83.25,15,9,7,10,27,88,68,73,95,98,104,"Q3-2","Q3-2","Q3-2","Q3-2","Q3-2","MED1110-13",0.549083508801757
"C04","933000120138405","F","F416",77.25,0,0,12,13,20,92,72,77,99,102,108,"MED1110-16","MED1110-16","MED1110-16","MED1110-16","MED1110-16","MED1110-5",-0.13775915268089
"C04","933000120138582","F","F406",13,55.6666666666667,7,12,8,21,81,61,66,88,91,97,"MED1110-6","MED1110-6","MED1110-6","MED1110-6","MED1110-6","MED1110-4",0.205113794678997
"C04","933000120138583","F","F424",11.75,38.6666666666667,10,16,14,26,83,63,68,90,93,99,"K2-14","K2-14","K2-14","K2-14","K2-14","MED1110-3",0.907257063120345
"C04","933000120138584","M","M451",110.5,11,3,15,1,14,83,63,68,90,93,99,"K2-2","K2-2","K2-2","K2-2","K2-2","MED1110-9",1.67199777699366
"C04","933000120138585","F","F423",23.25,1.66666666666667,1,13,5,25,85,65,70,92,95,101,"K2-1","K2-1","K2-1","K2-1","K2-1","MED1110-2",-0.318846223167241
"C04","933000120138589","M","M457",-3.75,1.33333333333333,0,1,2,4,81,61,66,88,91,97,"K3-2","K3-2","K3-2","K3-2","K3-2","MED1110-15",-1.26855927780324
"C04","933000120138591","F","F402",NA,0,NA,NA,NA,NA,NA,65,NA,NA,NA,NA,NA,NA,NA,NA,"MED1110-2",NA,NA
"C04","933000120138592","M","M467",-3,0.666666666666667,0,1,3,13,81,61,66,88,91,97,"Q3-6","Q3-6","Q3-6","Q3-6","Q3-6","MED1110-15",-1.05027446593134
"C04","933000120138594","F","F407",NA,0,NA,NA,NA,NA,NA,61,NA,NA,NA,NA,NA,NA,NA,NA,"MED1110-7",NA,NA
"C04","933000120138596","F","F420",NA,NA,NA,NA,NA,NA,NA,NA,NA,NA,NA,NA,NA,NA,NA,NA,NA,NA,NA
"C04","933000120138598","M","M459",135.25,2,3,5,6,20,85,65,70,92,95,101,"K3-4","K3-4","K3-4","K3-4","K3-4","MED1110-9",-0.33564569199797
"C04","933000120138599","M","M468",108.5,8,6,13,13,1,81,61,66,88,91,97,"Q3-1","K3-3","Q3-1","Q3-1","K3-3","MED1110-16",0.691516171408174
"C04","933000120138600","M","M473",81,1,1,8,0,7,85,65,70,92,95,101,"Q3-6","Q3-6","Q3-6","Q3-6","Q3-6","MED1110-13",-0.359441963847554
"C04","933000120138601","M","M452",-3.75,0.333333333333333,1,0,0,1,83,63,68,90,93,99,"K2-3","K2-3","K2-3","K2-3","K2-3","MED1110-10",-1.40268163820151
"C04","933000120138603","M","M460",-104.75,9,2,0,0,15,85,65,70,92,95,101,"K3-5","K3-5","K3-5","K3-5","K3-5","MED1110-10",-0.778158252724427
"C04","933000120138604","F","F405",-0.75,0.333333333333333,0,0,0,0,81,61,66,88,91,97,"MED1110-5","MED1110-5","MED1110-5","MED1110-5","MED1110-5","MED1110-3",-2.11976565882245
"C04","933000120138605","F","F419",91.75,17.3333333333333,6,12,12,4,85,65,70,92,95,101,"K1-3","K1-3","K1-3","K1-3","K1-3","MED1110-7",-0.169804183340152
"C04","933000120138619","F","F408",39.25,22.6666666666667,3,10,10,26,81,61,66,88,91,97,"MED1110-8","MED1110-8","MED1110-8","MED1110-8","MED1110-8","MED1110-5",0.316465955020782
"C04","933000120138629","M","M458",-9.25,12.3333333333333,3,6,3,20,81,61,66,88,91,97,"K3-3","K3-3","K3-3","K3-3","K3-3","MED1110-16",-0.46947213174306
"C04","933000120138656","M","M471",121,2.33333333333333,5,13,14,25,85,65,70,92,95,101,"Q3-4","Q3-4","Q3-4","Q3-4","Q3-4","MED1110-11",1.61520716912679
"C04","933000120138657","M","M461",67,2,0,3,2,5,85,65,70,92,95,101,"K3-6","K3-6","K3-6","K3-6","K3-6","MED1110-11",-0.767751982025037
"C04","933000120138660","F","F404",NA,0,NA,NA,NA,NA,NA,68,NA,NA,NA,NA,NA,NA,NA,NA,"MED1110-4",NA,NA
"C04","933000120138661","M","M456",4,20.3333333333333,7,4,4,24,88,68,73,95,98,104,"K3-1","K3-1","K3-1","K3-1","K3-1","MED1110-14",-0.113193467062526
"C04","933000120138662","M","M455",122.75,2.33333333333333,0,11,14,21,88,68,73,95,98,104,"K2-6","K2-6","K2-6","K2-6","K2-6","MED1110-13",1.61520716912679
"C04","933000120138663","F","F413",58.25,0,0,9,8,9,85,65,70,92,95,101,"MED1110-13","MED1110-13","MED1110-13","MED1110-13","MED1110-13","MED1110-2",-0.780542146441773
"C04","933000120138665","M","M453",79.25,12.6666666666667,3,11,10,8,88,68,73,95,98,104,"K2-4","K2-4","K2-4","K2-4","K2-4","MED1110-11",0.183286335381389
"C04","933000120138666","F","F412",15.25,33,6,14,12,10,85,65,70,92,95,101,"MED1110-12","MED1110-12","MED1110-12","MED1110-12","MED1110-12","MED1110-1",0.397444935986469
"C04","933000120138667","M","M470",-3.75,NA,NA,2,0,2,85,NA,NA,92,95,101,"Q3-3",NA,"Q3-3","Q3-3",NA,"MED1110-10",-1.25368967338711
"C04","933000120138668","M","M469",114,1.66666666666667,2,8,11,10,85,65,70,92,95,101,"Q3-2","Q3-2","Q3-2","Q3-2","Q3-2","MED1110-9",0.3319823795426
"C04","933000120138669","M","M454",-4.5,12.3333333333333,4,9,9,15,88,68,73,95,98,104,"K2-5","K2-5","K2-5","K2-5","K2-5","MED1110-12",-0.0861420680279021
"C04","933000120138670","M","M462",71.25,1.66666666666667,4,13,12,5,85,65,70,92,95,101,"Q3-1","Q3-1","Q3-1","Q3-1","Q3-1","MED1110-12",0.750994589072658
"C04","933000120138671","M","M464",NA,NA,NA,NA,NA,NA,NA,NA,NA,NA,NA,NA,NA,NA,NA,NA,NA,NA,NA
"C04","933000120138672","F","F422",56,10.3333333333333,6,5,0,25,88,68,73,95,98,104,"K1-6","K1-6","K1-6","K1-6","K1-6","MED1110-1",-0.202312587949774
"C04","933000120138673","M","M472",78.25,0.333333333333333,1,11,13,9,85,65,70,92,95,101,"Q3-5","Q3-5","Q3-5","Q3-5","Q3-5","MED1110-12",0.691516171408174
"C04","933000120138674","F","F410",3,0.666666666666667,1,2,16,14,88,68,73,95,98,104,"MED1110-10","MED1110-10","MED1110-10","MED1110-10","MED1110-10","MED1110-7",-0.31321239339139
"C04","933000120138675","F","F409",17.75,49.6666666666667,13,12,12,27,88,68,73,95,98,104,"MED1110-9","MED1110-9","MED1110-9","MED1110-9","MED1110-9","MED1110-6",0.570723977743135
"C04","933000120138677","F","F411",19.5,33,7,16,20,22,88,68,73,95,98,104,"MED1110-11","MED1110-11","MED1110-11","MED1110-11","MED1110-11","MED1110-8",1.01423614646334
"C04","933000120138679","F","F401",46.25,7,4,12,13,21,85,65,70,92,95,101,"MED1110-1","MED1110-1","MED1110-1","MED1110-1","MED1110-1","MED1110-1",0.279409482004747
"C04","933000120138680","F","F421",51.75,39,6,11,11,26,88,68,73,95,98,104,"K1-5","K1-5","K1-5","K1-5","K1-5","MED1110-8",0.543554747397401
"C05","933000120138406","F","F514",66.25,0,0,8,5,14,106,86,91,114,119,122,"MED1110-14","MED1110-14","MED1110-14","MED1110-14","MED1110-14","MED1110-6",-0.447455136461834
"C05","933000120138407","M","M567",15,1,1,2,4,2,107,87,92,115,120,123,"MED1113-13","MED1113-13","MED1113-13","MED1113-13","MED1113-13","MED1110-9",-0.940561856799823
"C05","933000120138409","M","M568",0.75,0.333333333333333,0,0,0,1,104,84,89,112,117,120,"MED1113-14","MED1113-14","MED1113-14","MED1113-14","MED1113-14","MED1110-10",-1.19922693732288
"C05","933000120138410","F","F518",24,16.3333333333333,5,12,12,9,107,87,92,115,120,123,"K1-2","K1-2","K1-2","K1-2","K1-2","MED1110-2",0.230356717556383
"C05","933000120138411","F","F515",40.25,0.333333333333333,2,13,2,NA,108,88,93,116,121,NA,"MED1110-15","MED1110-15","MED1110-15","MED1110-15","MED1110-15",NA,NA
"C05","933000120138412","F","F511",-18.75,36.5,10,10,10,6,108,88,93,116,121,124,"MED1110-11","MED1110-11","MED1110-11","MED1110-11","MED1110-11","MED1110-3",-0.101826437184195
"C05","933000120138414","M","M563",-2.25,0,0,0,0,2,106,86,91,114,119,122,"MED1113-9","MED1113-9","MED1113-9","MED1113-9","MED1113-9","MED1110-13",-1.18102245448451
"C05","933000120138415","M","M561",25.5,20.3333333333333,7,14,13,16,108,88,93,116,121,124,"MED1113-7","MED1113-7","MED1113-7","MED1113-7","MED1113-7","MED1110-11",1.34532055734561
"C05","933000120138417","M","M564",9.75,2.66666666666667,2,12,1,6,106,86,91,114,119,122,"MED1113-10","MED1113-10","MED1113-10","MED1113-10","MED1113-10","MED1110-14",NA
"C05","933000120138420","M","M562",10.25,17.6666666666667,12,12,13,3,108,88,93,116,121,124,"MED1113-8","MED1113-8","MED1113-8","MED1113-8","MED1113-8","MED1110-12",0.81973754741841
"C05","933000120138424","F","F508",-7.75,27.3333333333333,14,10,11,24,108,88,93,116,121,124,"MED1110-8","MED1110-8","MED1110-8","MED1110-8","MED1110-8","MED1110-8",0.27944406289946
"C05","933000120138427","M","M565",84.75,0.333333333333333,0,8,12,15,108,88,93,116,121,124,"MED1113-11","MED1113-11","MED1113-11","MED1113-11","MED1113-11","MED1110-15",0.743520435845247
"C05","933000120138432","F","F516",NA,0.333333333333333,NA,NA,NA,NA,NA,75,NA,NA,NA,NA,NA,NA,NA,NA,"MED1110-16",NA,NA
"C05","933000120138434","M","M566",0.5,0,0,0,0,1,96,76,81,104,109,112,"MED1113-12","MED1113-12","MED1113-12","MED1113-12","MED1113-12","MED1110-16",-1.19922693732288
"C05","933000120138436","M","M570",103.75,0.666666666666667,1,12,13,8,99,79,84,107,112,115,NA,NA,NA,NA,NA,"MED1110-12",0.977382742953666
"C05","933000120138437","M","M580",73.75,0.666666666666667,2,10,11,2,98,78,83,106,111,114,"Q3-6","Q3-6","Q3-6","Q3-6","Q3-6","MED1110-14",0.291470274531427
"C05","933000120138440","F","F530",139,0.333333333333333,1,11,14,6,96,76,81,104,109,112,"K3-2","K3-2","K3-2","K3-2","K3-2","MED1110-6",0.503537712137371
"C05","933000120138447","F","F529",135.5,2.33333333333333,2,11,16,29,96,76,81,104,109,112,"K3-1","K3-1","K3-1","K3-1","K3-1","MED1110-5",1.3685406985009
"C05","933000120138454","F","F527",114.5,1.66666666666667,0,12,8,14,99,79,84,107,112,115,"K2-5","K2-5","K2-5","K2-5","K2-5","MED1110-3",0.464952880716203
"C05","933000120138455","M","M579",-4.75,1.33333333333333,2,0,1,3,98,78,83,106,111,114,"Q3-5","Q3-5","Q3-5","Q3-5","Q3-5","MED1110-13",-1.0381388649504
"C05","933000120138494","F","F501",9.5,44.3333333333333,8,13,14,16,109,89,94,117,122,125,"MED1110-1","MED1110-1","MED1110-1","MED1110-1","MED1110-1","MED1110-1",0.98414233351849
"C05","933000120138496","F","F502",3.75,0.333333333333333,1,1,1,0,109,89,94,117,122,125,"MED1110-2","MED1110-2","MED1110-2","MED1110-2","MED1110-2","MED1110-2",-1.6042875072639
"C05","933000120138500","M","M552",-1.25,1,1,0,0,2,109,89,94,117,122,125,"K3-4","K3-4","K3-4","K3-4","K3-4","MED1110-10",-1.08826615000503
"C05","933000120138504","M","M551",-1,2,0,1,9,8,109,89,94,117,122,125,"K3-3","K3-3","K3-3","K3-3","K3-3","MED1110-9",-0.609000753214234
"C05","933000120138607","F","F512",-54.5,20.6666666666667,9,0,2,8,109,89,94,117,122,125,"MED1110-12","MED1110-12","MED1110-12","MED1110-12","MED1110-12","MED1110-4",-1.31624555081455
"C05","933000120138609","M","M558",1.25,0.333333333333333,1,4,4,4,109,89,94,117,122,125,"MED1113-4","MED1113-4","MED1113-4","MED1113-4","MED1113-4","MED1110-16",-0.892805877726213
"C05","933000120138611","F","F509",-1.5,0.666666666666667,1,0,7,11,109,89,94,117,122,125,"MED1110-9","MED1110-9","MED1110-9","MED1110-9","MED1110-9","MED1110-1",-0.999002035788777
"C05","933000120138615","M","M557",62.25,7.33333333333333,4,7,9,7,109,89,94,117,122,125,"MED1113-3","MED1113-3","MED1113-3","MED1113-3","MED1113-3","MED1110-15",0.311897231065027
"C05","933000120138616","M","M559",54.25,11,7,12,12,5,109,89,94,117,122,125,"MED1113-5","MED1113-5","MED1113-5","MED1113-5","MED1113-5","MED1110-9",0.918867358700455
"C05","933000120138623","F","F507",-118,40.6666666666667,9,NA,NA,NA,109,89,94,NA,NA,NA,"MED1110-7","MED1110-7",NA,NA,"MED1110-7",NA,NA
"C05","933000120138627","M","M560",-4.75,2.33333333333333,1,1,2,4,109,89,94,117,122,125,"MED1113-6","MED1113-6","MED1113-6","MED1113-6","MED1113-6","MED1110-10",-1.01029635526474
"C05","933000120138630","F","F510",1.75,1,1,0,3,2,109,89,94,117,122,125,"MED1110-10","MED1110-10","MED1110-10","MED1110-10","MED1110-10","MED1110-2",-1.568335091688
"C05","933000120138682","F","F504",-32.25,3,2,5,5,1,109,89,94,117,122,125,"MED1110-4","MED1110-4","MED1110-4","MED1110-4","MED1110-4","MED1110-4",-1.43383867010895
"C05","933000120138684","F","F506",13.75,32,10,10,10,8,109,89,94,117,122,125,"MED1110-6","MED1110-6","MED1110-6","MED1110-6","MED1110-6","MED1110-6",0.0884200647000613
"C05","933000120138686","F","F505",34,14.6666666666667,9,11,8,35,109,89,94,117,122,125,"MED1110-5","MED1110-5","MED1110-5","MED1110-5","MED1110-5","MED1110-5",0.547962499102255
"C05","933000120138687","F","F532",84.75,21,2,9,10,30,110,90,95,118,123,126,"MED1110-13","MED1110-13","MED1110-13","MED1110-13","MED1110-13","MED1110-5",0.3541611498553
"C05","933000120138689","M","M554",67,0.333333333333333,0,7,15,5,109,89,94,117,122,125,"K3-6","K3-6","K3-6","K3-6","K3-6","MED1110-12",0.636083407426045
"C05","933000120138690","F","F503",45,19,11,16,16,18,109,89,94,117,122,125,"MED1110-3","MED1110-3","MED1110-3","MED1110-3","MED1110-3","MED1110-3",1.8742736525619
"C05","933000120138696","M","M555",15.5,0.666666666666667,1,11,9,0,109,89,94,117,122,125,"MED1113-1","MED1113-1","MED1113-1","MED1113-1","MED1113-1","MED1110-13",0.338927408748402
"C05","933000120138698","M","M556",5.5,0.333333333333333,1,16,11,5,109,89,94,117,122,125,"MED1113-2","MED1113-2","MED1113-2","MED1113-2","MED1113-2","MED1110-14",0.834843304961033
"C05","933000120138700","M","M553",2,0.333333333333333,0,0,6,0,109,89,94,117,122,125,"K3-5","K3-5","K3-5","K3-5","K3-5","MED1110-11",-1.11368078524376
"C05","933000120138707","F","F528",96.5,50.3333333333333,10,12,13,22,106,86,91,114,119,122,"K2-6","K2-6","K2-6","K2-6","K2-6","MED1110-4",0.873387494040536
"C05","933000120138708","M","M572",38.25,1,1,3,10,7,105,85,90,113,118,121,NA,NA,NA,NA,NA,"MED1110-14",0.0423691597727281
"C05","933000120138711","F","F521",6.75,2,2,6,7,NA,104,84,89,112,117,NA,"K1-5","K1-5","K1-5","K1-5","K1-5",NA,-0.522818446445078
"C05","933000120138712","F","F519",-0.75,1.66666666666667,2,13,9,6,105,85,90,113,118,121,"K1-3","K1-3","K1-3","K1-3","K1-3","MED1110-3",0.277220217749461
"C05","933000120138715","F","F522",87,0.666666666666667,0,NA,13,1,104,84,89,NA,117,120,"K1-6","K1-6",NA,"K1-6","K1-6","MED1110-6",0.232665067265124
"C05","933000120138717","M","M571",76,1,2,10,9,5,105,85,90,113,118,121,NA,NA,NA,NA,NA,"MED1110-13",0.784027776812145
"C05","933000120138718","M","M574",-2.5,3,2,2,2,2,104,84,89,112,117,120,NA,NA,NA,NA,NA,"MED1110-16",-0.828201719404948
"C05","933000120138722","F","F520",88.75,2.66666666666667,2,11,14,23,105,85,90,113,118,121,"K1-4","K1-4","K1-4","K1-4","K1-4","MED1110-4",0.677204522854893
"C05","933000120138724","M","M569",-7,9,3,2,7,8,106,86,91,114,119,122,NA,NA,NA,NA,NA,"MED1110-11",-0.501105256036683
"C05","933000120138726","F","F517",19.5,2,1,NA,NA,NA,104,84,89,NA,NA,NA,"K1-1","K1-1",NA,NA,"K1-1",NA,NA
"C05","933000120138730","M","M573",54,0.666666666666667,2,11,13,13,104,84,89,112,117,120,NA,NA,NA,NA,NA,"MED1110-15",1.04799699349139
"C05","933000120138732","F","F525",-176,29.6666666666667,7,NA,NA,NA,99,79,84,NA,NA,NA,"K2-3","K2-3",NA,NA,"K2-3",NA,NA
"C05","933000120138734","M","M576",44.5,2.66666666666667,1,8,10,14,104,84,89,112,117,120,"Q3-2","Q3-2","Q3-2","Q3-2","Q3-2","MED1110-10",0.793356227175568
"C05","933000120138736","M","M578",100,4,6,10,12,5,100,80,85,108,113,116,"Q3-4","Q3-4","Q3-4","Q3-4","Q3-4","MED1110-12",1.11169364566073
"C05","933000120138743","F","F524",71.25,1.66666666666667,1,11,11,9,104,84,89,112,117,120,"K2-2","K2-2","K2-2","K2-2","K2-2","MED1110-8",-0.275724163753261
"C05","933000120138744","M","M577",114.25,0.333333333333333,0,10,12,7,99,79,84,107,112,115,"Q3-3","Q3-3","Q3-3","Q3-3","Q3-3","MED1110-11",0.934419773460727
"C05","933000120138748","F","F526",103.5,0,0,6,16,10,100,80,85,108,113,116,"K2-4","K2-4","K2-4","K2-4","K2-4","MED1110-2",0.229093438985895
"C05","933000120138750","M","M575",58,5.66666666666667,4,9,7,1,104,84,89,112,117,120,"Q3-1","Q3-1","Q3-1","Q3-1","Q3-1","MED1110-9",0.2098481715761
"C05","933000120138754","F","F523",-24,13.6666666666667,8,4,12,14,104,84,89,112,117,120,"K2-1","K2-1","K2-1","K2-1","K2-1","MED1110-7",-0.677882748129235
"C07","933000320045652","F","F729",73.25,1.33333333333333,1,15,14,8,100,79,84,106,113,108,"MED1112-13","MED1112-13","MED1112-13","MED1112-13","MED1112-13","BSB273B-5",0.207464193008085
"C07","933000320045653","F","F723",13,50.6666666666667,11,13,9,15,100,79,84,106,113,108,"MED1112-7","MED1112-7","MED1112-7","MED1112-7","MED1112-7","BSB273B-7",0.842387217784632
"C07","933000320045657","M","M755",36.5,0.333333333333333,0,13,15,11,100,79,84,106,113,108,"MED1113-3","MED1113-3","MED1113-3","MED1113-3","MED1113-3","BSB273B-13",0.319321505685553
"C07","933000320045659","M","M761",58.25,5.33333333333333,2,8,11,7,100,79,84,106,113,108,"MED1113-9","MED1113-9","MED1113-9","MED1113-9","MED1113-9","BSB273B-11",-0.133399392457955
"C07","933000320045660","M","M775",21.75,35.3333333333333,12,12,13,10,99,78,83,105,112,107,"MED1114-7","MED1114-7","MED1114-7","MED1114-7","MED1114-7","BSB273B-9",0.241892488574751
"C07","933000320045661","F","F728",20.75,25,7,10,13,6,99,78,83,105,112,107,"MED1112-12","MED1112-12","MED1112-12","MED1112-12","MED1112-12","BSB273B-4",-0.0241024369283682
"C07","933000320045667","F","F730",27.5,34.6666666666667,8,18,15,12,100,79,84,106,113,108,"MED1112-14","MED1112-14","MED1112-14","MED1112-14","MED1112-14","BSB273B-6",0.96473761747289
"C07","933000320045670","M","M774",17.25,0,0,0,11,3,100,79,84,106,113,108,"MED1114-6","MED1114-6","MED1114-6","MED1114-6","MED1114-6","BSB273B-16",-0.871338908235682
"C07","933000320045671","F","F713",-7.5,41,9,12,1,10,100,79,84,106,113,108,"MED1110-13","MED1110-13","MED1110-13","MED1110-13","MED1110-13","BSB273B-5",0.102839738763795
"C07","933000320045672","M","M767",64.5,1.66666666666667,1,16,15,5,100,79,84,106,113,108,"MED1113-15","MED1113-15","MED1113-15","MED1113-15","MED1113-15","BSB273B-9",0.314291262994648
"C07","933000320045674","M","M762",-48,50.6666666666667,5,14,19,23,100,79,84,106,113,108,"MED1113-10","MED1113-10","MED1113-10","MED1113-10","MED1113-10","BSB273B-12",1.21343928823349
"C07","933000320045675","F","F727",-29.75,28.3333333333333,9,1,1,8,99,78,83,105,112,107,"MED1112-11","MED1112-11","MED1112-11","MED1112-11","MED1112-11","BSB273B-3",-0.350438868132672
"C07","933000320045735","M","M772",-3,2.33333333333333,2,2,1,2,104,83,88,110,117,112,"MED1114-4","MED1114-4","MED1114-4","MED1114-4","MED1114-4","BSB273B-14",-1.18263347670829
"C07","933000320045736","F","F716",62.75,1,0,13,12,5,105,84,89,111,118,113,"MED1110-16","MED1110-16","MED1110-16","MED1110-16","MED1110-16","BSB273B-8",-0.250622735971361
"C07","933000320045740","F","F715",73.5,0,1,5,3,0,104,83,88,110,117,112,"MED1110-15","MED1110-15","MED1110-15","MED1110-15","MED1110-15","BSB273B-7",-0.872513917020979
"C07","933000320045744","M","M771",2,32.6666666666667,8,13,15,23,105,84,89,111,118,113,"MED1114-3","MED1114-3","MED1114-3","MED1114-3","MED1114-3","BSB273B-13",1.10354011933389
"C07","933000320045777","F","F705",148,0.333333333333333,2,8,6,7,105,84,89,111,118,113,"MED1110-5","MED1110-5","MED1110-5","MED1110-5","MED1110-5","BSB273B-5",0.249988778250082
"C07","933000320045778","M","M765",16.75,36.6666666666667,14,16,18,27,105,84,89,111,118,113,"MED1113-13","MED1113-13","MED1113-13","MED1113-13","MED1113-13","BSB273B-15",1.64642037003615
"C07","933000320045781","F","F703",19.25,13.6666666666667,5,6,7,4,105,84,89,111,118,113,"MED1110-3","MED1110-3","MED1110-3","MED1110-3","MED1110-3","BSB273B-3",-0.236926620495828
"C07","933000320045784","M","M766",48.5,4.33333333333333,4,14,14,4,106,85,90,112,119,114,"MED1113-14","MED1113-14","MED1113-14","MED1113-14","MED1113-14","BSB273B-16",0.0961058404348319
"C07","933000320045785","M","M779",86.5,1.33333333333333,1,11,1,4,106,85,90,112,119,114,"MED1114-11","MED1114-11","MED1114-11","MED1114-11","MED1114-11","BSB273B-13",-0.209587589891849
"C07","933000320045787","F","F706",-0.75,0,0,1,0,0,105,84,89,111,118,113,"MED1110-6","MED1110-6","MED1110-6","MED1110-6","MED1110-6","BSB273B-6",-1.48861011457709
"C07","933000320045788","M","M780",-26,7,2,1,0,4,105,84,89,111,118,113,"MED1114-12","MED1114-12","MED1114-12","MED1114-12","MED1114-12","BSB273B-14",-1.09738291990766
"C07","933000320045791","M","M777",51,2,2,9,9,5,105,84,89,111,118,113,"MED1114-9","MED1114-9","MED1114-9","MED1114-9","MED1114-9","BSB273B-11",-0.289020445738557
"C07","933000320045792","F","F704",130.25,2.33333333333333,2,3,0,8,105,84,89,111,118,113,"MED1110-4","MED1110-4","MED1110-4","MED1110-4","MED1110-4","BSB273B-4",0.087068665817116
"C07","933000320045793","F","F712",-26.25,26,7,9,0,7,106,85,90,112,119,114,"MED1110-12","MED1110-12","MED1110-12","MED1110-12","MED1110-12","BSB273B-4",-0.444372819601581
"C07","933000320045794","F","F711",129.75,0.666666666666667,0,9,9,10,106,85,90,112,119,114,"MED1110-11","MED1110-11","MED1110-11","MED1110-11","MED1110-11","BSB273B-3",0.326676314536094
"C07","933000320045799","M","M778",50,3,2,0,0,3,105,84,89,111,118,113,"MED1114-10","MED1114-10","MED1114-10","MED1114-10","MED1114-10","BSB273B-12",-0.599325004493846
"C07","933000320045978","F","F707",0,0,0,0,0,0,107,86,91,113,120,115,"MED1110-7","MED1110-7","MED1110-7","MED1110-7","MED1110-7","BSB273B-7",NA
"C07","933000320045988","F","F708",4.75,36.3333333333333,15,18,19,6,107,86,91,113,120,115,"MED1110-8","MED1110-8","MED1110-8","MED1110-8","MED1110-8","BSB273B-8",0.737564162322958
"C07","933000320045990","M","M764",99.5,0.666666666666667,0,2,12,4,107,86,91,113,120,115,"MED1113-12","MED1113-12","MED1113-12","MED1113-12","MED1113-12","BSB273B-14",-0.0776301236316481
"C07","933000320045997","M","M763",38,5,3,14,20,19,107,86,91,113,120,115,"MED1113-11","MED1113-11","MED1113-11","MED1113-11","MED1113-11","BSB273B-13",1.38161816925323
"C07","933000320046078","F","F725",6.75,39,6,12,10,10,102,81,86,108,115,110,"MED1112-9","MED1112-9","MED1112-9","MED1112-9","MED1112-9","BSB273B-1",0.173361921457999
"C07","933000320046081","F","F726",31.75,0.666666666666667,0,1,0,1,102,81,86,108,115,110,"MED1112-10","MED1112-10","MED1112-10","MED1112-10","MED1112-10","BSB273B-2",NA
"C07","933000320046086","F","F717",104.25,1.33333333333333,2,12,15,3,103,82,87,109,116,111,"MED1112-1","MED1112-1","MED1112-1","MED1112-1","MED1112-1","BSB273B-1",0.0736092851380662
"C07","933000320046088","M","M752",-0.25,2.66666666666667,2,2,2,2,102,81,86,108,115,110,"MED1112-16","MED1112-16","MED1112-16","MED1112-16","MED1112-16","BSB273B-10",-1.22882055148887
"C07","933000320046092","M","M773",85.25,0,0,14,15,14,103,82,87,109,116,111,"MED1114-5","MED1114-5","MED1114-5","MED1114-5","MED1114-5","BSB273B-15",0.668233382776247
"C07","933000320046093","F","F718",48.75,0,0,1,8,2,104,83,88,110,117,112,"MED1112-2","MED1112-2","MED1112-2","MED1112-2","MED1112-2","BSB273B-2",-0.648174109630094
"C07","933000320046099","M","M751",96,0,0,19,20,9,102,81,86,108,115,110,"MED1112-15","MED1112-15","MED1112-15","MED1112-15","MED1112-15","BSB273B-9",1.12912376748249
"C07","933000320046127","F","F721",0.75,31,10,11,10,10,96,75,80,102,109,104,"MED1112-5","MED1112-5","MED1112-5","MED1112-5","MED1112-5","BSB273B-5",-0.119289237228019
"C07","933000320046129","F","F722",-43.25,1.66666666666667,0,0,0,0,96,75,80,102,109,104,"MED1112-6","MED1112-6","MED1112-6","MED1112-6","MED1112-6","BSB273B-6",NA
"C07","933000320046131","M","M770",-4.5,29.6666666666667,8,13,13,15,97,76,81,103,110,105,"MED1114-2","MED1114-2","MED1114-2","MED1114-2","MED1114-2","BSB273B-12",0.326351383706256
"C07","933000320046135","M","M757",17,5.33333333333333,1,7,10,7,98,77,82,104,111,106,"MED1113-5","MED1113-5","MED1113-5","MED1113-5","MED1113-5","BSB273B-15",-0.620924955801811
"C07","933000320046141","M","M753",0,0,0,0,0,0,96,75,80,102,109,104,"MED1113-1","MED1113-1","MED1113-1","MED1113-1","MED1113-1","BSB273B-11",NA
"C07","933000320046143","F","F724",83.75,3.33333333333333,3,1,10,4,97,76,81,103,110,105,"MED1112-8","MED1112-8","MED1112-8","MED1112-8","MED1112-8","BSB273B-8",-0.30991080683678
"C07","933000320046144","M","M754",65.25,2.66666666666667,2,10,10,14,96,75,80,102,109,104,"MED1113-2","MED1113-2","MED1113-2","MED1113-2","MED1113-2","BSB273B-12",0.0480433795279637
"C07","933000320046148","M","M756",101.75,0.666666666666667,0,15,16,4,104,83,88,110,117,112,"MED1113-4","MED1113-4","MED1113-4","MED1113-4","MED1113-4","BSB273B-14",0.25517130131181
"C07","933000320046376","F","F720",130.75,0,0,3,14,17,98,77,82,104,111,106,"MED1112-4","MED1112-4","MED1112-4","MED1112-4","MED1112-4","BSB273B-4",1.07040003537361
"C07","933000320046377","F","F710",31.5,32,11,10,5,14,97,76,81,103,110,105,"MED1110-10","MED1110-10","MED1110-10","MED1110-10","MED1110-10","BSB273B-2",0.703046939536602
"C07","933000320046379","M","M769",45.5,13,3,9,12,9,97,76,81,103,110,105,"MED1114-1","MED1114-1","MED1114-1","MED1114-1","MED1114-1","BSB273B-11",-0.12293491478846
"C07","933000320046382","F","F709",6.5,45,12,14,12,10,97,76,81,103,110,105,"MED1110-9","MED1110-9","MED1110-9","MED1110-9","MED1110-9","BSB273B-1",0.473974504729203
"C07","933000320046390","M","M758",22,3.66666666666667,3,2,9,1,98,77,82,104,111,106,"MED1113-6","MED1113-6","MED1113-6","MED1113-6","MED1113-6","BSB273B-16",-0.807021510180154
"C07","933000320046393","F","F719",-10,41.6666666666667,12,15,11,12,98,77,82,104,111,106,"MED1112-3","MED1112-3","MED1112-3","MED1112-3","MED1112-3","BSB273B-3",0.722814376955411
"C07","933000320046397","M","M776",11,5.66666666666667,5,12,10,2,98,77,82,104,111,106,"MED1114-8","MED1114-8","MED1114-8","MED1114-8","MED1114-8","BSB273B-10",-0.187072508943878
"C07","933000320046605","F","F701",6,41.6666666666667,11,19,17,19,100,79,84,106,113,108,"MED1110-1","MED1110-1","MED1110-1","MED1110-1","MED1110-1","BSB273B-1",2.09081392691807
"C07","933000320046608","F","F714",8.75,2,3,2,2,1,101,80,85,107,114,109,"MED1110-14","MED1110-14","MED1110-14","MED1110-14","MED1110-14","BSB273B-6",-1.27513404891669
"C07","933000320046609","M","M759",-29.25,43.6666666666667,14,12,12,21,100,79,84,106,113,108,"MED1113-7","MED1113-7","MED1113-7","MED1113-7","MED1113-7","BSB273B-9",0.755857232934413
"C07","933000320046611","M","M768",-1.75,0.333333333333333,1,0,1,0,101,80,85,107,114,109,"MED1113-16","MED1113-16","MED1113-16","MED1113-16","MED1113-16","BSB273B-10",-1.35805599628599
"C07","933000320046613","F","F702",112.5,1.33333333333333,2,12,3,10,100,79,84,106,113,108,"MED1110-2","MED1110-2","MED1110-2","MED1110-2","MED1110-2","BSB273B-2",0.316312291784088
"C07","933000320046615","M","M760",12,19.6666666666667,7,11,16,2,101,80,85,107,114,109,"MED1113-8","MED1113-8","MED1113-8","MED1113-8","MED1113-8","BSB273B-10",0.266695064234451
"C08","933000320046904","F","F819",-4,41.3333333333333,5,16,11,4,99,77,84,105,111,107,"BSB273C-3","BSB273C-3","BSB273C-3","BSB273C-3","BSB273C-3","BSB273B-3",0.535095142314232
"C08","933000320046907","F","F817",17,45.3333333333333,11,13,14,38,99,77,84,105,111,107,"BSB273C-1","BSB273C-1","BSB273C-1","BSB273C-1","BSB273C-1","BSB273B-1",0.68299240851439
"C08","933000320046910","M","M856",116,26.6666666666667,12,17,16,35,99,77,84,105,111,107,"BSB273D-4","BSB273D-4","BSB273D-4","BSB273D-4","BSB273D-4","BSB273B-14",2.05493630587221
"C08","933000320046915","M","M860",11.5,29,9,3,0,11,98,76,83,104,110,106,"BSB273D-8","BSB273D-8","BSB273D-8","BSB273D-8","BSB273D-8","BSB273B-10",0.0375167998245041
"C08","933000320046919","F","F809",83.5,8.33333333333333,2,10,12,20,99,77,84,105,111,107,"BSB273B-9","BSB273B-9","BSB273B-9","BSB273B-9","BSB273B-9","BSB273B-1",-0.096714232453722
"C08","933000320046920","M","M857",-1,1.33333333333333,0,0,1,1,99,77,84,105,111,107,"BSB273D-5","BSB273D-5","BSB273D-5","BSB273D-5","BSB273D-5","BSB273B-15",-1.08227156054421
"C08","933000320046922","M","M855",90.5,1.33333333333333,0,0,15,29,99,77,84,105,111,107,"BSB273D-3","BSB273D-3","BSB273D-3","BSB273D-3","BSB273D-3","BSB273B-13",1.38095223351529
"C08","933000320046923","F","F816",18,16.6666666666667,0,15,11,1,98,76,83,104,110,106,"BSB273B-16","BSB273B-16","BSB273B-16","BSB273B-16","BSB273B-16","BSB273B-8",-0.18133588560758
"C08","933000320047103","F","F802",62.25,21,6,0,13,2,94,72,79,100,106,102,"BSB273B-2","BSB273B-2","BSB273B-2","BSB273B-2","BSB273B-2","BSB273B-2",-0.156631998150898
"C08","933000320047104","M","M854",-12.25,7.33333333333333,0,1,1,1,94,72,79,100,106,102,"BSB273D-2","BSB273D-2","BSB273D-2","BSB273D-2","BSB273D-2","BSB273B-12",-1.07650652874216
"C08","933000320047108","F","F810",29.75,0.333333333333333,0,14,13,59,97,75,82,103,109,105,"BSB273B-10","BSB273B-10","BSB273B-10","BSB273B-10","BSB273B-10","BSB273B-2",0.474053228583572
"C08","933000320047110","F","F815",6.25,2.33333333333333,3,11,13,63,97,75,82,103,109,105,"BSB273B-15","BSB273B-15","BSB273B-15","BSB273B-15","BSB273B-15","BSB273B-7",0.204448190521166
"C08","933000320047111","F","F813",7.25,53.6666666666667,12,12,12,32,94,72,79,100,106,102,"BSB273B-13","BSB273B-13","BSB273B-13","BSB273B-13","BSB273B-13","BSB273B-5",0.236765387844235
"C08","933000320047112","M","M875",24.25,11.3333333333333,1,3,0,16,94,72,79,100,106,102,"BSB273E-7","BSB273E-7","BSB273E-7","BSB273E-7","BSB273E-7","BSB273B-9",-0.00755890755030986
"C08","933000320047114","M","M852",-4.5,8,2,1,3,5,95,73,80,101,107,103,"BSB273C-16","BSB273C-16","BSB273C-16","BSB273C-16","BSB273C-16","BSB273B-10",-0.894004125788765
"C08","933000320047115","M","M858",78.25,34.3333333333333,2,10,12,5,97,75,82,103,109,105,"BSB273D-6","BSB273D-6","BSB273D-6","BSB273D-6","BSB273D-6","BSB273B-16",0.0971431231103723
"C08","933000320047116","M","M859",-5.25,25,6,0,0,11,97,75,82,103,109,105,"BSB273D-7","BSB273D-7","BSB273D-7","BSB273D-7","BSB273D-7","BSB273B-9",-0.0376150826161956
"C08","933000320047119","F","F829",6,44.3333333333333,15,14,9,27,94,72,79,100,106,102,"BSB273C-13","BSB273C-13","BSB273C-13","BSB273C-13","BSB273C-13","BSB273B-5",0.431602246855774
"C08","933000320047121","F","F820",57.6666666666667,47,6,5,12,21,95,73,80,101,107,103,"BSB273C-4","BSB273C-4","BSB273C-4","BSB273C-4","BSB273C-4","BSB273B-4",0.483222238201809
"C08","933000320047126","F","F812",-147,84.3333333333333,3,9,0,1,102,80,87,108,114,110,"BSB273B-12","BSB273B-12","BSB273B-12","BSB273B-12","BSB273B-12","BSB273B-4",-1.35201769736421
"C08","933000320047127","F","F822",109.25,1.66666666666667,2,12,14,24,102,80,87,108,114,110,"BSB273C-6","BSB273C-6","BSB273C-6","BSB273C-6","BSB273C-6","BSB273B-6",0.412293538180427
"C08","933000320047129","F","F811",22,40,8,13,12,4,101,79,86,107,113,109,"BSB273B-11","BSB273B-11","BSB273B-11","BSB273B-11","BSB273B-11","BSB273B-3",0.102723553777937
"C08","933000320047130","M","M862",25.5,21.6666666666667,1,7,0,0,102,80,87,108,114,110,"BSB273D-10","BSB273D-10","BSB273D-10","BSB273D-10","BSB273D-10","BSB273B-12",NA
"C08","933000320047132","M","M867",-4.75,5.33333333333333,2,2,2,10,101,79,86,107,113,109,"BSB273D-15","BSB273D-15","BSB273D-15","BSB273D-15","BSB273D-15","BSB273B-9",-0.710062526439017
"C08","933000320047135","F","F826",57,25.6666666666667,5,14,13,22,101,79,86,107,113,109,"BSB273C-10","BSB273C-10","BSB273C-10","BSB273C-10","BSB273C-10","BSB273B-2",0.467753008555947
"C08","933000320047136","M","M864",-7.25,17.6666666666667,7,3,14,23,102,80,87,108,114,110,"BSB273D-12","BSB273D-12","BSB273D-12","BSB273D-12","BSB273D-12","BSB273B-14",0.801352042390679
"C08","933000320047143","F","F827",30.25,29.6666666666667,4,10,0,2,102,80,87,108,114,110,"BSB273C-11","BSB273C-11","BSB273C-11","BSB273C-11","BSB273C-11","BSB273B-3",NA
"C08","933000320047144","M","M861",-9.25,5.33333333333333,1,0,2,0,102,80,87,108,114,110,"BSB273D-9","BSB273D-9","BSB273D-9","BSB273D-9","BSB273D-9","BSB273B-11",-1.06244799432366
"C08","933000320047147","F","F824",14.75,34.3333333333333,12,12,14,3,102,80,87,108,114,110,"BSB273C-8","BSB273C-8","BSB273C-8","BSB273C-8","BSB273C-8","BSB273B-8",0.0111260857384633
"C08","933000320047150","M","M869",9.25,12,5,6,2,3,102,80,87,108,114,110,"BSB273E-1","BSB273E-1","BSB273E-1","BSB273E-1","BSB273E-1","BSB273B-11",-0.576876125683093
"C08","933000320047252","F","F830",30.5,21,7,0,0,21,93,71,78,99,105,101,"BSB273C-14","BSB273C-14","BSB273C-14","BSB273C-14","BSB273C-14","BSB273B-6",-0.709664386453277
"C08","933000320047254","F","F806",NA,0,0,0,0,0,NA,72,79,100,106,102,NA,"BSB273B-6","BSB273B-6","BSB273B-6","BSB273B-6","BSB273B-6",NA
"C08","933000320047259","M","M880",8.33333333333333,4,2,7,8,24,94,72,79,100,106,102,"BSB273E-12","BSB273E-12","BSB273E-12","BSB273E-12","BSB273E-12","BSB273B-14",0.354729653804635
"C08","933000320047260","M","M879",32.5,33.3333333333333,10,16,18,16,94,72,79,100,106,102,"BSB273E-11","BSB273E-11","BSB273E-11","BSB273E-11","BSB273E-11","BSB273B-13",1.40958742721809
"C08","933000320047264","F","F814",89.5,30.3333333333333,4,2,2,3,93,71,78,99,105,101,"BSB273B-14","BSB273B-14","BSB273B-14","BSB273B-14","BSB273B-14","BSB273B-6",-0.212370885548126
"C08","933000320047268","F","F837",25.75,40.3333333333333,11,13,11,42,94,72,79,100,106,102,"BSB273C-9","BSB273C-9","BSB273C-9","BSB273C-9","BSB273C-9","BSB273B-1",0.581581477163483
"C08","933000320047275","M","M873",20.5,1,0,1,4,1,93,71,78,99,105,101,"BSB273E-5","BSB273E-5","BSB273E-5","BSB273E-5","BSB273E-5","BSB273B-15",-0.806415053566767
"C08","933000320047277","M","M863",53.5,1.33333333333333,1,0,1,15,100,78,85,106,112,108,"BSB273D-11","BSB273D-11","BSB273D-11","BSB273D-11","BSB273D-11","BSB273B-13",-0.106471167759033
"C08","933000320047280","F","F828",70,27.3333333333333,6,17,8,39,100,78,85,106,112,108,"BSB273C-12","BSB273C-12","BSB273C-12","BSB273C-12","BSB273C-12","BSB273B-4",1.24606666245646
"C08","933000320047281","M","M868",88,13,4,14,14,14,100,78,85,106,112,108,"BSB273D-16","BSB273D-16","BSB273D-16","BSB273D-16","BSB273D-16","BSB273B-10",0.905191662977262
"C08","933000320047283","M","M853",81,7.66666666666667,2,0,3,0,100,78,85,106,112,108,"BSB273D-1","BSB273D-1","BSB273D-1","BSB273D-1","BSB273D-1","BSB273B-11",-1.0292956951844
"C08","933000320047286","F","F818",50.75,3.66666666666667,0,10,7,24,100,78,85,106,112,108,"BSB273C-2","BSB273C-2","BSB273C-2","BSB273C-2","BSB273C-2","BSB273B-2",-0.0840238109735066
"C08","933000320047287","M","M865",3,11.6666666666667,3,9,8,3,101,79,86,107,113,109,"BSB273D-13","BSB273D-13","BSB273D-13","BSB273D-13","BSB273D-13","BSB273B-15",-0.3788677456982
"C08","933000320047288","F","F821",43.5,3.33333333333333,2,1,6,35,100,78,85,106,112,108,"BSB273C-5","BSB273C-5","BSB273C-5","BSB273C-5","BSB273C-5","BSB273B-5",-0.422077854236264
"C08","933000320047290","M","M866",-2.75,0.666666666666667,1,2,5,2,100,78,85,106,112,108,"BSB273D-14","BSB273D-14","BSB273D-14","BSB273D-14","BSB273D-14","BSB273B-16",-0.975437431023904
"C08","933000320047293","M","M851",60.25,3.66666666666667,2,1,1,4,100,78,85,106,112,108,"BSB273C-15","BSB273C-15","BSB273C-15","BSB273C-15","BSB273C-15","BSB273B-9",-0.562455508899673
"C08","933000320047295","F","F823",32.25,27.3333333333333,10,11,10,8,100,78,85,106,112,108,"BSB273C-7","BSB273C-7","BSB273C-7","BSB273C-7","BSB273C-7","BSB273B-7",-0.349015432913863
"C08","933000320047312","F","F805",24.75,44.6666666666667,9,4,6,44,91,69,76,97,103,99,"BSB273B-5","BSB273B-5","BSB273B-5","BSB273B-5","BSB273B-5","BSB273B-5",0.421665614285921
"C08","933000320047313","M","M874",-29.75,46,5,12,12,5,91,69,76,97,103,99,"BSB273E-6","BSB273E-6","BSB273E-6","BSB273E-6","BSB273E-6","BSB273B-16",-0.0623208639614321
"C08","933000320047321","M","M876",51.75,12.6666666666667,6,2,14,14,91,69,76,97,103,99,"BSB273E-8","BSB273E-8","BSB273E-8","BSB273E-8","BSB273E-8","BSB273B-10",0.678158189858083
"C08","933000320047462","M","M872",30,8,6,2,11,17,94,72,79,100,106,102,"BSB273E-4","BSB273E-4","BSB273E-4","BSB273E-4","BSB273E-4","BSB273B-14",0.351685198601089
"C08","933000320047464","M","M878",66.5,3.33333333333333,2,10,0,1,94,72,79,100,106,102,"BSB273E-10","BSB273E-10","BSB273E-10","BSB273E-10","BSB273E-10","BSB273B-12",NA
"C08","933000320047470","F","F803",0.25,1.66666666666667,1,9,0,4,94,72,79,100,106,102,"BSB273B-3","BSB273B-3","BSB273B-3","BSB273B-3","BSB273B-3","BSB273B-3",-1.33758984174784
"C08","933000320047471","M","M870",7.75,57.6666666666667,4,8,10,3,95,73,80,101,107,103,"BSB273E-2","BSB273E-2","BSB273E-2","BSB273E-2","BSB273E-2","BSB273B-12",0.275377883144539
"C08","933000320047475","F","F804",77,2.66666666666667,2,4,8,12,94,72,79,100,106,102,"BSB273B-4","BSB273B-4","BSB273B-4","BSB273B-4","BSB273B-4","BSB273B-4",-0.317250619738938
"C08","933000320047476","M","M871",40.5,16,4,8,2,18,92,70,77,98,104,100,"BSB273E-3","BSB273E-3","BSB273E-3","BSB273E-3","BSB273E-3","BSB273B-13",0.559095039623774
"C08","933000320047477","F","F801",33,34,10,13,12,26,91,69,76,97,103,99,"BSB273B-1","BSB273B-1","BSB273B-1","BSB273B-1","BSB273B-1","BSB273B-1",0.298010134379288
"C08","933000320047490","F","F808",43.25,13,2,1,0,1,92,70,77,98,104,100,"BSB273B-8","BSB273B-8","BSB273B-8","BSB273B-8","BSB273B-8","BSB273B-8",-1.09204379650893
"C08","933000320047497","F","F807",176,1,0,2,4,10,92,70,77,98,104,100,"BSB273B-7","BSB273B-7","BSB273B-7","BSB273B-7","BSB273B-7","BSB273B-7",0.0286652579556748
"C08","933000320047500","M","M877",14.75,15,4,15,14,3,92,70,77,98,104,100,"BSB273E-9","BSB273E-9","BSB273E-9","BSB273E-9","BSB273E-9","BSB273B-11",0.462880757840295
"C09","933000320047165","F","F936",66.75,2.66666666666667,2,7,0,9,90,70,75,96,100,98,"BSB273B-1","BSB273B-1","BSB273B-1","BSB273B-1","BSB273B-1","BSB273B-1",-0.516822013021744
"C09","933000320047595","F","F902",-260.25,7.33333333333333,4,9,4,24,96,76,81,102,106,104,"BSB273B-2","BSB273B-2","BSB273B-2","BSB273B-2","BSB273B-2","BSB273B-2",0.236427355554027
"C09","933000320047383","F","F934",-7.5,10.3333333333333,4,3,3,16,89,69,74,95,99,97,"BSB273B-3","BSB273B-3","BSB273B-3","BSB273B-3","BSB273B-3","BSB273B-3",-0.0422236068698977
"C09","933000320047598","F","F904",46,31,8,12,5,18,93,73,78,99,103,101,"BSB273B-4","BSB273B-4","BSB273B-4","BSB273B-4","BSB273B-4","BSB273B-4",0.852442891196477
"C09","933000320046822","F","F905",124,0,1,14,15,13,97,77,82,103,107,105,"BSB273B-5","BSB273B-5","BSB273B-5","BSB273B-5","BSB273B-5","BSB273B-5",0.558994447757843
"C09","933000320046823","F","F906",110,11,3,12,4,7,97,77,82,103,107,105,"BSB273B-6","BSB273B-6","BSB273B-6","BSB273B-6","BSB273B-6","BSB273B-6",0.193924244692323
"C09","933000320047584","F","F907",75,0,0,23,0,3,95,75,80,101,105,103,"BSB273B-7","BSB273B-7","BSB273B-7","BSB273B-7","BSB273B-7","BSB273B-7",0.28426119911936
"C09","933000320047583","F","F908",-161,22.3333333333333,8,3,0,1,96,76,81,102,106,104,"BSB273B-8","BSB273B-8","BSB273B-8","BSB273B-8","BSB273B-8","BSB273B-8",-1.20797522707069
"C09","933000320046818","F","F909",22.75,23,6,13,11,14,97,77,82,103,107,105,"BSB273B-9","BSB273B-9","BSB273B-9","BSB273B-9","BSB273B-9","BSB273B-1",0.443318465430124
"C09","933000320047592","F","F910",17.5,20.6666666666667,7,15,14,14,96,76,81,102,106,104,"BSB273B-10","BSB273B-10","BSB273B-10","BSB273B-10","BSB273B-10","BSB273B-2",0.69081960888106
"C09","933000320047169","F","F911",-20.75,31,6,0,0,6,90,70,75,96,100,98,"BSB273B-11","BSB273B-11","BSB273B-11","BSB273B-11","BSB273B-11","BSB273B-3",-1.22892029277297
"C09","933000320047011","F","F912",71.5,35.3333333333333,3,9,12,12,92,72,77,98,102,100,"BSB273B-12","BSB273B-12","BSB273B-12","BSB273B-12","BSB273B-12","BSB273B-4",0.333520350806049
"C09","933000320047017","F","F913",104.75,7,2,12,11,10,92,72,77,98,102,100,"BSB273B-13","BSB273B-13","BSB273B-13","BSB273B-13","BSB273B-13","BSB273B-5",0.259398030523995
"C09","933000320047167","F","F914",-23.5,6.66666666666667,5,NA,NA,NA,90,70,75,NA,NA,NA,"BSB273B-14","BSB273B-14",NA,NA,"BSB273B-14",NA,NA
"C09","933000320046842","F","F915",7,44.3333333333333,8,10,10,7,92,72,77,98,102,100,"BSB273B-15","BSB273B-15","BSB273B-15","BSB273B-15","BSB273B-15","BSB273B-7",-0.113779911147299
"C09","933000320047154","F","F916",1.75,29.3333333333333,10,14,NA,NA,90,70,75,96,NA,NA,"BSB273B-16","BSB273B-16","BSB273B-16",NA,"BSB273B-16",NA,NA
"C09","933000320046831","F","F917",-12,15,5,NA,NA,NA,94,74,79,NA,NA,NA,"BSB273C-1","BSB273C-1",NA,NA,"BSB273C-1",NA,NA
"C09","933000320046832","F","F918",-15.5,9.33333333333333,1,7,12,4,89,69,74,95,99,97,"BSB273C-2","BSB273C-2","BSB273C-2","BSB273C-2","BSB273C-2","BSB273B-2",-0.585066725005251
"C09","933000320047331","F","F919",17.75,27.6666666666667,11,13,15,18,98,78,83,104,108,106,"BSB273C-3","BSB273C-3","BSB273C-3","BSB273C-3","BSB273C-3","BSB273B-3",0.560346599497551
"C09","933000320047049","F","F920",-11.75,3,1,0,0,4,100,80,85,106,110,108,"BSB273C-4","BSB273C-4","BSB273C-4","BSB273C-4","BSB273C-4","BSB273B-4",-1.57061155700474
"C09","933000320047333","F","F921",-7.25,4.33333333333333,4,2,2,7,98,78,83,104,108,106,"BSB273C-5","BSB273C-5","BSB273C-5","BSB273C-5","BSB273C-5","BSB273B-5",-1.30223145171375
"C09","933000320047337","F","F922",-15.5,9.66666666666667,6,0,0,6,98,78,83,104,108,106,"BSB273C-6","BSB273C-6","BSB273C-6","BSB273C-6","BSB273C-6","BSB273B-6",-1.32702890555453
"C09","933000320047346","F","F923",6.75,28,11,8,8,20,98,78,83,104,108,106,"BSB273C-7","BSB273C-7","BSB273C-7","BSB273C-7","BSB273C-7","BSB273B-7",0.110480191837002
"C09","933000320047031","F","F924",NA,16.3333333333333,4,NA,NA,NA,NA,80,85,NA,NA,NA,NA,"BSB273C-8",NA,NA,"BSB273C-8",NA,NA
"C09","933000320047338","F","F925",NA,NA,NA,NA,NA,NA,NA,NA,NA,NA,NA,NA,NA,NA,NA,NA,NA,NA,NA
"C09","933000320047327","F","F926",19.25,21,6,15,12,6,98,78,83,104,108,106,"BSB273C-10","BSB273C-10","BSB273C-10","BSB273C-10","BSB273C-10","BSB273B-2",-0.0627666181612495
"C09","933000320047335","F","F927",34,29,9,9,9,28,98,78,83,104,108,106,"BSB273C-11","BSB273C-11","BSB273C-11","BSB273C-11","BSB273C-11","BSB273B-3",0.779336188443962
"C09","933000320047330","F","F928",8.5,43.3333333333333,14,9,4,22,98,78,83,104,108,106,"BSB273C-12","BSB273C-12","BSB273C-12","BSB273C-12","BSB273C-12","BSB273B-4",0.39196837882881
"C09","933000320047376","F","F935",38.75,13.3333333333333,7,14,6,32,89,69,74,95,99,97,"BSB273C-13","BSB273C-13","BSB273C-13","BSB273C-13","BSB273C-13","BSB273B-5",1.49393476944526
"C09","933000320047387","F","F930",23,36.6666666666667,12,12,12,20,89,69,74,95,99,97,"BSB273C-14","BSB273C-14","BSB273C-14","BSB273C-14","BSB273C-14","BSB273B-6",0.768253586308284
"C09","933000320047341","M","M951",40.5,10.3333333333333,5,2,2,0,98,78,83,104,108,106,"BSB273C-15","BSB273C-15","BSB273C-15","BSB273C-15","BSB273C-15","BSB273B-9",-0.574980380161673
"C09","933000320047332","M","M952",-9.5,10.3333333333333,3,1,3,1,98,78,83,104,108,106,"BSB273C-16","BSB273C-16","BSB273C-16","BSB273C-16","BSB273C-16","BSB273B-10",-1.37114488313021
"C09","933000320047037","M","M953",-1.5,0.666666666666667,2,2,0,0,101,81,86,107,111,109,"BSB273D-1","BSB273D-1","BSB273D-1","BSB273D-1","BSB273D-1","BSB273B-11",-1.51660024162504
"C09","933000320047045","M","M954",46,2.66666666666667,1,10,1,1,98,78,83,104,108,106,"BSB273D-2","BSB273D-2","BSB273D-2","BSB273D-2","BSB273D-2","BSB273B-12",-0.428496158264631
"C09","933000320047040","M","M955",-5,14,8,15,14,20,100,80,85,106,110,108,"BSB273D-3","BSB273D-3","BSB273D-3","BSB273D-3","BSB273D-3","BSB273B-13",1.38887690503092
"C09","933000320047340","M","M956",5.75,23.3333333333333,14,12,13,10,98,78,83,104,108,106,"BSB273D-4","BSB273D-4","BSB273D-4","BSB273D-4","BSB273D-4","BSB273B-14",0.624806521119531
"C09","933000320047342","M","M957",22.25,12,5,9,5,1,98,78,83,104,108,106,"BSB273D-5","BSB273D-5","BSB273D-5","BSB273D-5","BSB273D-5","BSB273B-15",-0.0462726425210639
"C09","933000320047006","M","M987",39.5,16.3333333333333,7,14,12,5,94,74,79,100,104,102,"BSB273D-6","BSB273D-6","BSB273D-6","BSB273D-6","BSB273D-6","BSB273B-16",0.455059816957068
"C09","933000320047164","M","M988",11.25,17.6666666666667,6,1,1,7,90,70,75,96,100,98,"BSB273D-7","BSB273D-7","BSB273D-7","BSB273D-7","BSB273D-7","BSB273B-9",-0.486582776858038
"C09","933000320047582","M","M960",1.25,24.6666666666667,11,5,17,20,96,76,81,102,106,104,"BSB273D-8","BSB273D-8","BSB273D-8","BSB273D-8","BSB273D-8","BSB273B-10",1.47761030050507
"C09","933000320046815","M","M961",77.25,0,1,5,0,4,97,77,82,103,107,105,"BSB273D-9","BSB273D-9","BSB273D-9","BSB273D-9","BSB273D-9","BSB273B-11",-0.477121656591574
"C09","933000320046801","M","M962",111,5.66666666666667,3,12,4,9,97,77,82,103,107,105,"BSB273D-10","BSB273D-10","BSB273D-10","BSB273D-10","BSB273D-10","BSB273B-12",0.648426552113985
"C09","933000320047593","M","M963",49.5,9.66666666666667,3,9,1,6,93,73,78,99,103,101,"BSB273D-11","BSB273D-11","BSB273D-11","BSB273D-11","BSB273D-11","BSB273B-13",0.264083673395445
"C09","933000320047166","M","M964",-11,2,1,1,7,3,90,70,75,96,100,98,"BSB273D-12","BSB273D-12","BSB273D-12","BSB273D-12","BSB273D-12","BSB273B-14",-1.01231004937279
"C09","933000320046812","M","M965",53.75,9.33333333333333,6,10,9,7,97,77,82,103,107,105,"BSB273D-13","BSB273D-13","BSB273D-13","BSB273D-13","BSB273D-13","BSB273B-15",0.152024207898907
"C09","933000320047600","M","M966",-158,32,15,7,4,4,96,76,81,102,106,104,"BSB273D-14","BSB273D-14","BSB273D-14","BSB273D-14","BSB273D-14","BSB273B-16",-0.843591232819331
"C09","933000320046814","M","M967",34.5,13.6666666666667,8,7,8,6,97,77,82,103,107,105,"BSB273D-15","BSB273D-15","BSB273D-15","BSB273D-15","BSB273D-15","BSB273B-9",0.00121954924145878
"C09","933000320047581","M","M968",-18.75,20,9,3,3,13,96,76,81,102,106,104,"BSB273D-16","BSB273D-16","BSB273D-16","BSB273D-16","BSB273D-16","BSB273B-10",-0.504035212530652
"C09","933000320046841","M","M969",-25.25,8.66666666666667,4,5,4,2,92,72,77,98,102,100,"BSB273E-1","BSB273E-1","BSB273E-1","BSB273E-1","BSB273E-1","BSB273B-11",-0.689703617460262
"C09","933000320047171","M","M970",39.5,9.33333333333333,3,11,8,11,90,70,75,96,100,98,"BSB273E-2","BSB273E-2","BSB273E-2","BSB273E-2","BSB273E-2","BSB273B-12",0.46548523707556
"C09","933000320047162","M","M971",103,2.33333333333333,1,8,1,1,90,70,75,96,100,98,"BSB273E-3","BSB273E-3","BSB273E-3","BSB273E-3","BSB273E-3","BSB273B-13",-0.205090373143187
"C09","933000320046847","M","M972",-30.25,36,15,14,16,10,89,69,74,95,99,97,"BSB273E-4","BSB273E-4","BSB273E-4","BSB273E-4","BSB273E-4","BSB273B-14",0.65125906096059
"C09","933000320047001","M","M973",-3,0.333333333333333,0,0,0,1,92,72,77,98,102,100,"BSB273E-5","BSB273E-5","BSB273E-5","BSB273E-5","BSB273E-5","BSB273B-15",-1.6030890501967
"C09","933000320046833","M","M974",-44.5,56,12,NA,NA,NA,89,69,74,NA,NA,NA,"BSB273E-6","BSB273E-6",NA,NA,"BSB273E-6",NA,NA
"C09","933000320047019","M","M975",58.25,6,6,13,15,3,92,72,77,98,102,100,"BSB273E-7","BSB273E-7","BSB273E-7","BSB273E-7","BSB273E-7","BSB273B-9",0.336266590753089
"C09","933000320047172","M","M976",77.25,5.33333333333333,0,12,12,9,90,70,75,96,100,98,"BSB273E-8","BSB273E-8","BSB273E-8","BSB273E-8","BSB273E-8","BSB273B-10",0.328483892003505
"C09","933000320047152","M","M977",51,12,3,13,11,3,90,70,75,96,100,98,"BSB273E-9","BSB273E-9","BSB273E-9","BSB273E-9","BSB273E-9","BSB273B-11",0.125278682879003
"C09","933000320047339","M","M979",30.5,23,7,12,19,14,98,78,83,104,108,106,"BSB273E-11","BSB273E-11","BSB273E-11","BSB273E-11","BSB273E-11","BSB273B-13",1.16010103898155
"C09","933000320047009","M","M980",NA,14,5,NA,NA,NA,NA,78,83,NA,NA,NA,NA,"BSB273E-12",NA,NA,"BSB273E-12",NA,NA
